ID	Domain	Kingdom	Phylum	Class	Order	Family	Genus	Species
ERR3230155_181036	Viruses	Heunggongvirae	Uroviricota	Caudoviricetes	NA	NA	Inhavirus	NA
ERR3230155_37288	Viruses	Heunggongvirae	Uroviricota	Caudoviricetes	NA	Herelleviridae	Kayvirus	NA
ERR3230155_197975	Viruses	Heunggongvirae	Uroviricota	Caudoviricetes	NA	NA	NA	NA
ERR3230149_65230	Viruses	Heunggongvirae	Uroviricota	Caudoviricetes	NA	Autographiviridae	NA	NA
ERR3230155_21878	Viruses	Heunggongvirae	Uroviricota	Caudoviricetes	NA	NA	Deurplevirus	Deurplevirus deeppurple
8067.4.90153.AAGCCT_2629	Viruses	Heunggongvirae	Uroviricota	Caudoviricetes	NA	Herelleviridae	Wphvirus	Wphvirus WPh
8067.2.90157.AAGCCT_2900	Viruses	Heunggongvirae	Uroviricota	Caudoviricetes	NA	NA	NA	NA
ERR3230153_17983	Viruses	Heunggongvirae	Uroviricota	Caudoviricetes	NA	NA	Rahariannevirus	Rahariannevirus raharianne
ERR3230155_141187	Viruses	Heunggongvirae	Uroviricota	Caudoviricetes	NA	NA	NA	Nitrincola phage 1M3-16
ERR3230155_229314	Viruses	Heunggongvirae	Uroviricota	Caudoviricetes	NA	NA	Saintgironsvirus	Saintgironsvirus LE1
ERR3230148_261386	Viruses	Shotokuvirae	Cressdnaviricota	Repensiviricetes	Geplafuvirales	Genomoviridae	NA	Alces alces faeces associated circular virus MP65
ERR3230152_217483	Viruses	Heunggongvirae	Uroviricota	Caudoviricetes	NA	NA	NA	Pelagibacter phage HTVC010P
8067.2.90157.AAGCCT_20787	Viruses	Heunggongvirae	Uroviricota	Caudoviricetes	NA	NA	NA	Planktothrix phage PaV-LD
ERR3230152_157488	Viruses	Heunggongvirae	Uroviricota	Caudoviricetes	NA	Aliceevansviridae	NA	Streptococcus phage phiNIH1.1
K7GSL311016_748	Viruses	Heunggongvirae	Uroviricota	Caudoviricetes	NA	Herelleviridae	NA	NA
8067.2.90157.AAGCCT_16794	Viruses	Heunggongvirae	Uroviricota	Caudoviricetes	NA	Saffermanviridae	NA	NA
K7GSL311016_716	Viruses	Heunggongvirae	Uroviricota	Caudoviricetes	NA	NA	Serwervirus	Serwervirus 201phi21
ERR3230152_184709	Viruses	Heunggongvirae	Uroviricota	Caudoviricetes	NA	Autographiviridae	Podivirus	Podivirus S05C243
8023.5.90052.GTGCTT_3904	Viruses	Heunggongvirae	Uroviricota	Caudoviricetes	NA	NA	NA	NA
ERR3230152_243712	Viruses	Heunggongvirae	Uroviricota	Caudoviricetes	NA	NA	NA	Azospirillum phage Cd
ERR3230155_151454	Viruses	Heunggongvirae	Uroviricota	Caudoviricetes	NA	Herelleviridae	Kayvirus	NA
ERR3230153_209187	Viruses	Heunggongvirae	Uroviricota	Caudoviricetes	NA	NA	NA	NA
ERR3230155_101397	NA	NA	NA	NA	NA	NA	NA	NA
8067.4.90153.ACCTCA_5639	Viruses	Heunggongvirae	Uroviricota	Caudoviricetes	NA	NA	NA	NA
ERR3230147_266803	Viruses	NA	NA	NA	NA	NA	NA	NA
ERR3230154_17111	Viruses	Heunggongvirae	Uroviricota	Caudoviricetes	NA	Peduoviridae	Arsyunavirus	Arsyunavirus RSY1
ERR3230155_199979	Viruses	Heunggongvirae	Uroviricota	Caudoviricetes	NA	NA	Wanderervirus	Wanderervirus wanderer
ERR3230155_99886	Viruses	Heunggongvirae	Uroviricota	Caudoviricetes	NA	NA	NA	NA
8023.5.90052.GAGTCA_19740	Viruses	Heunggongvirae	Uroviricota	Caudoviricetes	NA	NA	Fipvunavirus	NA
ERR3230148_56768	Viruses	Bamfordvirae	Nucleocytoviricota	Megaviricetes	Algavirales	Phycodnaviridae	Prasinovirus	Dishui lake phycodnavirus 1
ERR3230149_21612	Viruses	Heunggongvirae	Uroviricota	Caudoviricetes	NA	NA	NA	NA
ERR3230150_102497	Viruses	Heunggongvirae	Uroviricota	Caudoviricetes	NA	NA	NA	NA
ERR3230155_126562_1	Viruses	Heunggongvirae	Uroviricota	Caudoviricetes	NA	NA	NA	NA
K7GSL311018_951	Viruses	Heunggongvirae	Uroviricota	Caudoviricetes	Thumleimavirales	Halomagnusviridae	Hagravirus	Hagravirus HGTV1
ERR3230155_225059	Viruses	Heunggongvirae	Uroviricota	Caudoviricetes	NA	Herelleviridae	Sciuriunavirus	Sciuriunavirus SscM1
ERR3230155_139315	Viruses	Heunggongvirae	Uroviricota	Caudoviricetes	NA	Zierdtviridae	Ceetrepovirus	NA
ERR3230149_62501	Viruses	Heunggongvirae	Uroviricota	Caudoviricetes	Kirjokansivirales	Pyrstoviridae	Hatrivirus	Hatrivirus HATV3
ERR3230155_187856	Viruses	Heunggongvirae	Uroviricota	Caudoviricetes	NA	NA	NA	NA
8067.2.90157.GTCGTA_12084	Viruses	Heunggongvirae	Uroviricota	Caudoviricetes	NA	NA	Vhulanivirus	Vhulanivirus Shpa
8067.4.90153.GTGCTT_2176	Viruses	NA	NA	NA	NA	NA	NA	Staphylococcus phage PT1028
ERR3230148_151297	Viruses	Heunggongvirae	Uroviricota	Caudoviricetes	NA	NA	NA	NA
ERR3230152_314650	Viruses	Heunggongvirae	Uroviricota	Caudoviricetes	NA	NA	NA	Bacillus phage phBC6A52
8066.6.90144.AAGAGG_1193	Viruses	Heunggongvirae	Uroviricota	Caudoviricetes	NA	Casjensviridae	NA	NA
ERR3230147_53124	Viruses	Bamfordvirae	Nucleocytoviricota	Megaviricetes	Pimascovirales	Iridoviridae	NA	NA
K7GSL311019_23	Viruses	Heunggongvirae	Uroviricota	Caudoviricetes	NA	NA	Omegavirus	NA
ERR3230152_253950	Viruses	NA	NA	NA	NA	NA	Pandoravirus	Pandoravirus salinus
8067.3.90155.TTGGCA_13797	Viruses	Heunggongvirae	Uroviricota	Caudoviricetes	NA	NA	NA	NA
8067.4.90153.GTGCTT_1953	Viruses	Heunggongvirae	Uroviricota	Caudoviricetes	NA	Peduoviridae	NA	NA
ERR3230155_55914	Viruses	Heunggongvirae	Uroviricota	Caudoviricetes	NA	Herelleviridae	NA	NA
ERR3230153_11912	Viruses	Heunggongvirae	Uroviricota	Caudoviricetes	NA	NA	NA	NA
8131.3.91983.GTCGTA_4100	Viruses	Heunggongvirae	Uroviricota	Caudoviricetes	NA	NA	NA	NA
ERR3230151_115480	Viruses	Bamfordvirae	Nucleocytoviricota	Megaviricetes	Imitervirales	Schizomimiviridae	Kratosvirus	Kratosvirus quantuckense
K7GSL311020_19	Viruses	Bamfordvirae	Nucleocytoviricota	Megaviricetes	NA	NA	NA	NA
ERR3230152_221749	Viruses	Heunggongvirae	Uroviricota	Caudoviricetes	NA	NA	NA	NA
ERR3230151_85508	Viruses	Heunggongvirae	Uroviricota	Caudoviricetes	NA	NA	NA	NA
ERR3230152_236819	Viruses	Heunggongvirae	Uroviricota	Caudoviricetes	NA	NA	Ravarandavirus	NA
ERR3230155_17041	Viruses	Heunggongvirae	Uroviricota	Caudoviricetes	NA	NA	NA	NA
K7GSL311017_45	Viruses	Heunggongvirae	Uroviricota	Caudoviricetes	NA	Peduoviridae	Simpcentumvirus	Simpcentumvirus Smp131
K7GSL311018_22	Viruses	Heunggongvirae	Uroviricota	Caudoviricetes	NA	NA	Bievrevirus	Bievrevirus bv4A7
ERR3230153_105751	Viruses	Heunggongvirae	Uroviricota	Caudoviricetes	NA	NA	NA	NA
K7GSL311020_4	Viruses	Heunggongvirae	Uroviricota	Caudoviricetes	NA	NA	Donellivirus	Donellivirus gee
ERR3230152_265909	Viruses	Heunggongvirae	Uroviricota	Caudoviricetes	NA	NA	Eurybiavirus	NA
ERR3230147_144766	Viruses	Heunggongvirae	Uroviricota	Caudoviricetes	NA	NA	NA	NA
ERR3230152_80874	Viruses	Heunggongvirae	Uroviricota	Caudoviricetes	NA	Autographiviridae	NA	NA
8066.5.90150.GGAGAA_6474	Viruses	Bamfordvirae	Nucleocytoviricota	Megaviricetes	Algavirales	Phycodnaviridae	Raphidovirus	Heterosigma akashiwo virus 01
8131.3.91983.GTCGTA_8099	Viruses	Heunggongvirae	Uroviricota	Caudoviricetes	NA	NA	NA	NA
8067.4.90153.GTGCTT_3101	Viruses	Heunggongvirae	Uroviricota	Caudoviricetes	NA	NA	Traversvirus	NA
ERR3230152_75574	Viruses	Heunggongvirae	Uroviricota	Caudoviricetes	NA	NA	Xuquatrovirus	Xuquatrovirus PTXU04
8067.2.90157.GTCGTA_17029	Viruses	Loebvirae	Hofneiviricota	Faserviricetes	Tubulavirales	Inoviridae	Scuticavirus	Scuticavirus SMA6
8067.4.90153.GTGCTT_1541	Viruses	Heunggongvirae	Uroviricota	Caudoviricetes	NA	Peduoviridae	NA	NA
K7GSL311022_46_fragment_1	Viruses	Heunggongvirae	Uroviricota	Caudoviricetes	NA	NA	Vequintavirus	NA
K7GSL311018_365	Viruses	NA	NA	NA	NA	NA	NA	NA
ERR3230155_145379	Viruses	Heunggongvirae	Uroviricota	Caudoviricetes	NA	NA	NA	NA
ERR3230155_131816	Viruses	Heunggongvirae	Uroviricota	Caudoviricetes	NA	Herelleviridae	NA	NA
ERR3230149_60261	Viruses	Bamfordvirae	Nucleocytoviricota	Megaviricetes	Algavirales	Phycodnaviridae	NA	Orpheovirus IHUMI-LCC2
ERR3230154_6468	Viruses	Heunggongvirae	Uroviricota	Caudoviricetes	NA	NA	NA	Synechococcus phage S-CBS3
8067.2.90157.GGAGAA_24850	Viruses	NA	NA	NA	NA	NA	NA	NA
8067.4.90153.ACCTCA_14028	Viruses	Heunggongvirae	Uroviricota	Caudoviricetes	NA	NA	Ripduovirus	Ripduovirus RP12
ERR3230147_63272	Viruses	Heunggongvirae	Uroviricota	Caudoviricetes	NA	NA	NA	NA
ERR3230154_36839_fragment_1	Viruses	Heunggongvirae	Uroviricota	Caudoviricetes	NA	NA	Svunavirus	NA
ERR3230155_87037	Viruses	Heunggongvirae	Uroviricota	Caudoviricetes	NA	NA	Sextaecvirus	NA
8067.4.90153.ACCTCA_3350	Viruses	Heunggongvirae	Uroviricota	Caudoviricetes	NA	NA	NA	Lactobacillus prophage Lj928
ERR3230155_171708	Viruses	Heunggongvirae	Uroviricota	Caudoviricetes	NA	NA	NA	Pelagibacter phage HTVC010P
8023.5.90052.GAGTCA_1536	Viruses	Heunggongvirae	Uroviricota	Caudoviricetes	NA	NA	NA	NA
ERR3230155_97309	Viruses	Heunggongvirae	Uroviricota	Caudoviricetes	NA	Rountreeviridae	Negarvirus	Negarvirus WP2
ERR3230148_238923	Viruses	Heunggongvirae	Uroviricota	Caudoviricetes	NA	NA	Bendigovirus	Bendigovirus GMA6
ERR3230155_149651_1	Viruses	Heunggongvirae	Uroviricota	Caudoviricetes	NA	Herelleviridae	NA	NA
K7GSL311028_4	Viruses	Shotokuvirae	Cossaviricota	Papovaviricetes	Zurhausenvirales	Papillomaviridae	Alphapapillomavirus	Alphapapillomavirus 2
8067.2.90157.GTCGTA_10424	Viruses	Heunggongvirae	Uroviricota	Caudoviricetes	NA	NA	Pahexavirus	NA
8067.5.90158.AACCAG_5522	Viruses	NA	NA	NA	NA	NA	NA	NA
ERR3230154_23909	Viruses	Heunggongvirae	Uroviricota	Caudoviricetes	NA	Peduoviridae	Tigrvirus	NA
ERR3230155_192069	Viruses	Heunggongvirae	Uroviricota	Caudoviricetes	NA	NA	NA	NA
ERR3230155_107161	Viruses	Heunggongvirae	Uroviricota	Caudoviricetes	NA	Zierdtviridae	Ceetrepovirus	NA
8023.5.90052.GAGTCA_18788	Viruses	Heunggongvirae	Uroviricota	Caudoviricetes	NA	NA	NA	NA
ERR3230148_37737	Viruses	Heunggongvirae	Uroviricota	Caudoviricetes	NA	NA	Cheoctovirus	NA
ERR3230152_305958	Viruses	Pararnavirae	Artverviricota	Revtraviricetes	Ortervirales	Metaviridae	NA	NA
ERR3230150_206368	Viruses	Heunggongvirae	Uroviricota	Caudoviricetes	NA	NA	NA	NA
ERR3230155_93487	Viruses	Heunggongvirae	Uroviricota	Caudoviricetes	NA	NA	Inhavirus	NA
ERR3230153_150900	Viruses	NA	NA	NA	NA	NA	NA	NA
8067.6.90152.AAGCCT_3993	Viruses	Heunggongvirae	Uroviricota	Caudoviricetes	NA	NA	Takahashivirus	Takahashivirus PBS1
8131.3.91983.GTCGTA_2167	Viruses	Heunggongvirae	Uroviricota	Caudoviricetes	NA	NA	NA	NA
ERR3230150_263091	Viruses	Heunggongvirae	Uroviricota	Caudoviricetes	NA	NA	NA	NA
ERR3230147_355471	Viruses	Heunggongvirae	Uroviricota	Caudoviricetes	NA	NA	Ravarandavirus	NA
ERR3230152_324889	Viruses	Heunggongvirae	Uroviricota	Caudoviricetes	NA	NA	NA	NA
K7GSL311016_876	Viruses	Heunggongvirae	Uroviricota	Caudoviricetes	NA	NA	NA	NA
8131.3.91983.GTCGTA_5370	Viruses	Heunggongvirae	Uroviricota	Caudoviricetes	NA	NA	Helsingorvirus	NA
8067.4.90153.ACCTCA_15808	Viruses	Bamfordvirae	Nucleocytoviricota	Megaviricetes	Pimascovirales	Marseilleviridae	NA	NA
ERR3230152_196414	Viruses	Heunggongvirae	Uroviricota	Caudoviricetes	NA	Autographiviridae	NA	NA
8066.5.90150.AAGAGG_3510	Viruses	Heunggongvirae	Uroviricota	Caudoviricetes	NA	Peduoviridae	Simpcentumvirus	Simpcentumvirus Smp131
ERR3230153_58778	Viruses	Heunggongvirae	Uroviricota	Caudoviricetes	NA	Peduoviridae	Duodecimduovirus	Duodecimduovirus phiE122
ERR3230150_20160	Viruses	Heunggongvirae	Uroviricota	Caudoviricetes	NA	Herelleviridae	NA	NA
ERR3230155_209346	Viruses	Heunggongvirae	Uroviricota	Caudoviricetes	NA	Zierdtviridae	Ceetrepovirus	NA
8067.3.90155.AAGAGG_18481_1	Viruses	Heunggongvirae	Uroviricota	Caudoviricetes	NA	NA	NA	NA
K7GSL311018_456	Viruses	Heunggongvirae	Uroviricota	Caudoviricetes	NA	NA	NA	NA
ERR3230155_188200	Viruses	Heunggongvirae	Uroviricota	Caudoviricetes	NA	NA	Sextaecvirus	Sextaecvirus sextaec
ERR3230155_52642	Viruses	Heunggongvirae	Uroviricota	Caudoviricetes	NA	NA	NA	NA
ERR3230149_268443	Viruses	Heunggongvirae	Uroviricota	Caudoviricetes	NA	NA	NA	Pseudomonas phage PS-1
ERR3230155_101132	Viruses	Heunggongvirae	Uroviricota	Caudoviricetes	NA	Herelleviridae	NA	NA
8067.2.90157.GTCGTA_7124	Viruses	Heunggongvirae	Uroviricota	Caudoviricetes	NA	NA	Emdodecavirus	NA
8067.4.90153.ACCTCA_15802	NA	NA	NA	NA	NA	NA	NA	NA
ERR3230150_37682	Viruses	Heunggongvirae	Uroviricota	Caudoviricetes	NA	NA	NA	NA
ERR3230155_36539	Viruses	Heunggongvirae	Uroviricota	Caudoviricetes	NA	NA	Sextaecvirus	NA
ERR3230155_66158	Viruses	Heunggongvirae	Uroviricota	Caudoviricetes	NA	NA	Inhavirus	NA
K7GSL311015_13	Viruses	Bamfordvirae	Nucleocytoviricota	Megaviricetes	NA	NA	NA	NA
ERR3230149_300209	Viruses	Sangervirae	Phixviricota	Malgrandaviricetes	Petitvirales	Microviridae	Sinsheimervirus	Sinsheimervirus phiX174
ERR3230155_72564	Viruses	Heunggongvirae	Uroviricota	Caudoviricetes	NA	Herelleviridae	Kayvirus	NA
8067.4.90153.AAGCCT_5031	Viruses	Heunggongvirae	Uroviricota	Caudoviricetes	NA	NA	NA	Riemerella phage RAP44
8067.2.90157.AAGCCT_9549	Viruses	Heunggongvirae	Uroviricota	Caudoviricetes	NA	NA	Sendosyvirus	Sendosyvirus APSE1
ERR3230153_130624_fragment_1	Viruses	Heunggongvirae	Uroviricota	Caudoviricetes	NA	NA	Saintgironsvirus	Saintgironsvirus LE1
ERR3230155_25432	Viruses	Heunggongvirae	Uroviricota	Caudoviricetes	NA	NA	Phietavirus	NA
ERR3230152_348996	Viruses	Heunggongvirae	Uroviricota	Caudoviricetes	NA	Kyanoviridae	Haifavirus	Haifavirus tim68
ERR3230153_222435	Viruses	Heunggongvirae	Uroviricota	Caudoviricetes	NA	NA	NA	NA
ERR3230155_113340	Viruses	Heunggongvirae	Uroviricota	Caudoviricetes	NA	Rountreeviridae	NA	NA
8023.5.90052.GAGTCA_10990	Viruses	Heunggongvirae	Uroviricota	Caudoviricetes	NA	NA	NA	NA
ERR3230155_104982	Viruses	Heunggongvirae	Uroviricota	Caudoviricetes	NA	NA	NA	NA
ERR3230149_77176	Viruses	Heunggongvirae	Uroviricota	Caudoviricetes	NA	NA	Franklinbayvirus	Franklinbayvirus fv9A
8067.4.90153.GTGCTT_3853	Viruses	Heunggongvirae	Uroviricota	Caudoviricetes	NA	NA	NA	NA
ERR3230154_19976	Viruses	Heunggongvirae	Uroviricota	Caudoviricetes	NA	NA	NA	NA
ERR3230153_142948	Viruses	Heunggongvirae	Uroviricota	Caudoviricetes	NA	NA	Vhmlvirus	NA
8067.5.90158.TGGTGA_3922	Viruses	Heunggongvirae	Uroviricota	Caudoviricetes	NA	NA	NA	NA
ERR3230155_135075	Viruses	Heunggongvirae	Uroviricota	Caudoviricetes	NA	NA	NA	NA
ERR3230155_190517	Viruses	Heunggongvirae	Uroviricota	Caudoviricetes	NA	Schitoviridae	NA	NA
ERR3230148_85059	Viruses	Bamfordvirae	Nucleocytoviricota	Pokkesviricetes	Chitovirales	Poxviridae	Orthopoxvirus	NA
8067.4.90153.GTGCTT_4775_1	Viruses	Heunggongvirae	Uroviricota	Caudoviricetes	NA	NA	NA	NA
ERR3230150_190759	Viruses	Heunggongvirae	Uroviricota	Caudoviricetes	NA	NA	NA	NA
ERR3230155_28722	Viruses	Heunggongvirae	Uroviricota	Caudoviricetes	NA	NA	NA	Staphylococcus phage SPbeta-like
8066.5.90150.AAGAGG_13016	Viruses	Heunggongvirae	Uroviricota	Caudoviricetes	NA	Peduoviridae	Simpcentumvirus	Simpcentumvirus Smp131
8067.6.90152.ACCTCA_7607	Viruses	Heunggongvirae	Uroviricota	Caudoviricetes	NA	NA	Immutovirus	Immutovirus immuto
ERR3230150_176886	Viruses	Bamfordvirae	Nucleocytoviricota	Megaviricetes	NA	NA	NA	NA
ERR3230153_47024	Viruses	Heunggongvirae	Uroviricota	Caudoviricetes	NA	Kyanoviridae	Salacisavirus	Salacisavirus pssm2
ERR3230155_88383	Viruses	Heunggongvirae	Uroviricota	Caudoviricetes	NA	NA	NA	NA
K7GSL311019_9	Viruses	Bamfordvirae	Nucleocytoviricota	Megaviricetes	Algavirales	Phycodnaviridae	Prasinovirus	NA
ERR3230155_145809	Viruses	Orthornavirae	Pisuviricota	Pisoniviricetes	Nidovirales	Coronaviridae	Deltacoronavirus	Magpie-robin coronavirus HKU18
ERR3230155_161639	Viruses	Heunggongvirae	Uroviricota	Caudoviricetes	NA	NA	NA	NA
ERR3230149_168705	Viruses	Pararnavirae	Artverviricota	Revtraviricetes	Ortervirales	Retroviridae	NA	NA
ERR3230155_115685	Viruses	Heunggongvirae	Uroviricota	Caudoviricetes	NA	NA	Sextaecvirus	Sextaecvirus sextaec
8067.3.90155.AAGAGG_18526	Viruses	Heunggongvirae	Uroviricota	Caudoviricetes	NA	NA	NA	NA
K7GSL311016_44	Viruses	Heunggongvirae	Uroviricota	Caudoviricetes	NA	NA	NA	NA
ERR3230148_59687	Viruses	Heunggongvirae	Uroviricota	Caudoviricetes	NA	NA	NA	Thermoanaerobacterium phage THSA-485A
ERR3230155_148866	Viruses	Heunggongvirae	Uroviricota	Caudoviricetes	NA	Herelleviridae	Kayvirus	NA
8131.3.91983.GTCGTA_3876	Viruses	Heunggongvirae	Uroviricota	Caudoviricetes	NA	NA	NA	NA
ERR3230151_335564	Viruses	Heunggongvirae	Uroviricota	Caudoviricetes	NA	NA	NA	Alteromonas phage vB_AmaP_AD45-P1
8067.4.90153.ACCTCA_5120	Viruses	Heunggongvirae	Uroviricota	Caudoviricetes	NA	NA	NA	NA
ERR3230147_272603	Viruses	Heunggongvirae	Uroviricota	Caudoviricetes	NA	NA	NA	NA
ERR3230154_25994	Viruses	Heunggongvirae	Uroviricota	Caudoviricetes	NA	NA	Stanholtvirus	NA
ERR3230155_77194	Viruses	Heunggongvirae	Uroviricota	Caudoviricetes	Crassvirales	Steigviridae	Akihdevirus	Akihdevirus balticus
ERR3230155_151052	Viruses	Heunggongvirae	Uroviricota	Caudoviricetes	NA	NA	NA	NA
8023.5.90052.GAGTCA_19345	Viruses	Bamfordvirae	Nucleocytoviricota	Megaviricetes	Algavirales	Phycodnaviridae	Raphidovirus	Heterosigma akashiwo virus 01
ERR3230148_180076	Viruses	Heunggongvirae	Uroviricota	Caudoviricetes	Thumleimavirales	Druskaviridae	Tredecimvirus	Tredecimvirus HVTV1
ERR3230152_183479	Viruses	Bamfordvirae	Nucleocytoviricota	Pokkesviricetes	Chitovirales	Poxviridae	Betaentomopoxvirus	Choristoneura rosaceana entomopoxvirus
ERR3230153_150889	Viruses	Heunggongvirae	Uroviricota	Caudoviricetes	NA	NA	Punavirus	NA
ERR3230155_130464	Viruses	NA	NA	NA	NA	NA	NA	Staphylococcus phage PT1028
ERR3230155_63042	Viruses	Heunggongvirae	Uroviricota	Caudoviricetes	NA	NA	Stormageddonvirus	Stormageddonvirus Stormageddon
8023.5.90052.GAGTCA_3706	Viruses	Heunggongvirae	Uroviricota	Caudoviricetes	NA	NA	Fipvunavirus	NA
ERR3230155_104803	Viruses	Heunggongvirae	Uroviricota	Caudoviricetes	NA	NA	NA	NA
ERR3230149_38274	Viruses	Heunggongvirae	Uroviricota	Caudoviricetes	NA	NA	NA	NA
K7GSL311017_501_1	Viruses	Heunggongvirae	Uroviricota	Caudoviricetes	NA	NA	NA	NA
8067.4.90153.GTGCTT_4855	Viruses	NA	NA	NA	NA	NA	NA	NA
K7GSL311017_163	Viruses	Heunggongvirae	Uroviricota	Caudoviricetes	NA	NA	NA	NA
8067.5.90158.AACCAG_10976	Viruses	Heunggongvirae	Uroviricota	Caudoviricetes	NA	Saffermanviridae	Wumptrevirus	NA
8131.3.91983.GTCGTA_3410	Viruses	Heunggongvirae	Uroviricota	Caudoviricetes	NA	NA	Takahashivirus	Takahashivirus PBS1
ERR3230151_33868	Viruses	Heunggongvirae	Uroviricota	Caudoviricetes	NA	Schitoviridae	Zurivirus	Zurivirus zuri
ERR3230155_230429	Viruses	Heunggongvirae	Uroviricota	Caudoviricetes	NA	NA	Lederbergvirus	NA
8023.5.90052.GTGCTT_12889	Viruses	Shotokuvirae	Cressdnaviricota	Repensiviricetes	Geplafuvirales	Genomoviridae	Gemykibivirus	Gemykibivirus bovas1
8067.6.90152.AAGCCT_5928	Viruses	Heunggongvirae	Uroviricota	Caudoviricetes	NA	NA	NA	NA
ERR3230156_270015	Viruses	NA	NA	NA	NA	NA	NA	NA
ERR3230153_228613	Viruses	Heunggongvirae	Uroviricota	Caudoviricetes	NA	Kyanoviridae	NA	NA
ERR3230152_323678	Viruses	Heunggongvirae	Uroviricota	Caudoviricetes	NA	NA	NA	Rhodococcus phage REQ3
ERR3230155_55602	Viruses	Heunggongvirae	Uroviricota	Caudoviricetes	NA	NA	NA	NA
8066.6.90144.AAGAGG_6864	Viruses	Heunggongvirae	Uroviricota	Caudoviricetes	NA	NA	NA	NA
ERR3230148_194837	Viruses	NA	NA	NA	NA	NA	NA	NA
ERR3230152_281304	Viruses	Heunggongvirae	Uroviricota	Caudoviricetes	NA	Kyanoviridae	Salacisavirus	Salacisavirus pssm2
8066.5.90150.GTCGTA_11355	Viruses	Heunggongvirae	Uroviricota	Caudoviricetes	NA	NA	NA	NA
ERR3230147_77684	Viruses	Heunggongvirae	Uroviricota	Caudoviricetes	NA	NA	NA	NA
8067.4.90153.GTGCTT_4140	Viruses	Heunggongvirae	Uroviricota	Caudoviricetes	NA	NA	NA	Enterobacteria phage phiP27
ERR3230152_8917	Viruses	Heunggongvirae	Uroviricota	Caudoviricetes	NA	Autographiviridae	Lingvirus	Lingvirus PGSP1
8067.2.90157.GTCGTA_21198	Viruses	Heunggongvirae	Uroviricota	Caudoviricetes	NA	NA	NA	Shigella phage SfIV
8067.4.90153.GTGCTT_2230	Viruses	Heunggongvirae	Uroviricota	Caudoviricetes	NA	NA	NA	Enterobacteria phage phiP27
ERR3230155_143159	Viruses	Heunggongvirae	Uroviricota	Caudoviricetes	NA	NA	Astrithrvirus	Astrithrvirus astrithr
ERR3230153_125844	Viruses	Heunggongvirae	Uroviricota	Caudoviricetes	NA	NA	NA	NA
ERR3230147_398347	Viruses	Heunggongvirae	Uroviricota	Caudoviricetes	NA	Peduoviridae	NA	NA
ERR3230155_178129	Viruses	Heunggongvirae	Uroviricota	Caudoviricetes	NA	NA	NA	NA
ERR3230147_398432	Viruses	Sangervirae	Phixviricota	Malgrandaviricetes	Petitvirales	Microviridae	Sinsheimervirus	Sinsheimervirus phiX174
ERR3230152_236420	Viruses	Heunggongvirae	Uroviricota	Caudoviricetes	NA	Autographiviridae	Lingvirus	Lingvirus PGSP1
K7GSL311016_1131	Viruses	Heunggongvirae	Uroviricota	Caudoviricetes	NA	NA	NA	NA
8131.3.91983.GTCGTA_7104	Viruses	Heunggongvirae	Uroviricota	Caudoviricetes	NA	NA	NA	NA
8067.4.90153.GTGCTT_2286	Viruses	Heunggongvirae	Uroviricota	Caudoviricetes	NA	NA	NA	NA
ERR3230152_119197	Viruses	Heunggongvirae	Uroviricota	Caudoviricetes	NA	NA	NA	NA
8067.2.90157.GTCGTA_22646	Viruses	Heunggongvirae	Uroviricota	Caudoviricetes	NA	NA	NA	NA
ERR3230153_135892	Viruses	Heunggongvirae	Uroviricota	Caudoviricetes	NA	NA	NA	NA
ERR3230155_8974	Viruses	Heunggongvirae	Uroviricota	Caudoviricetes	NA	NA	NA	NA
K7GSL311019_3	Viruses	Heunggongvirae	Uroviricota	Caudoviricetes	NA	NA	Donellivirus	Donellivirus gee
ERR3230155_87961	NA	NA	NA	NA	NA	NA	NA	NA
ERR3230155_139413	Viruses	Heunggongvirae	Uroviricota	Caudoviricetes	NA	NA	Deurplevirus	Deurplevirus deeppurple
ERR3230149_167836	Viruses	Heunggongvirae	Uroviricota	Caudoviricetes	NA	NA	NA	NA
ERR3230155_36232	Viruses	NA	NA	NA	NA	NA	NA	NA
8067.3.90155.AAGAGG_2802	Viruses	Heunggongvirae	Uroviricota	Caudoviricetes	NA	NA	Pahexavirus	NA
ERR3230156_100082	Viruses	Heunggongvirae	Uroviricota	Caudoviricetes	NA	NA	NA	NA
ERR3230148_254654	Viruses	Heunggongvirae	Uroviricota	Caudoviricetes	NA	NA	Bendigovirus	Bendigovirus GMA6
ERR3230155_140991	Viruses	Heunggongvirae	Uroviricota	Caudoviricetes	NA	NA	NA	NA
ERR3230147_368473	Viruses	Heunggongvirae	Uroviricota	Caudoviricetes	NA	NA	Marvinvirus	NA
K7GSL311020_9	Viruses	Heunggongvirae	Uroviricota	Caudoviricetes	NA	NA	NA	NA
ERR3230154_20705_1	Viruses	Heunggongvirae	Uroviricota	Caudoviricetes	NA	NA	Rahariannevirus	Rahariannevirus raharianne
K7GSL311018_510	Viruses	Heunggongvirae	Uroviricota	Caudoviricetes	NA	NA	Attoomivirus	Attoomivirus attoomi
ERR3230155_174207	Viruses	Heunggongvirae	Uroviricota	Caudoviricetes	NA	NA	NA	NA
ERR3230155_154325	Viruses	Heunggongvirae	Uroviricota	Caudoviricetes	NA	Zierdtviridae	Ceetrepovirus	NA
ERR3230149_222042	Viruses	Heunggongvirae	Uroviricota	Caudoviricetes	NA	NA	Bridgettevirus	NA
ERR3230155_202274	Viruses	Heunggongvirae	Uroviricota	Caudoviricetes	NA	NA	NA	NA
8067.2.90157.GTCGTA_8647	Viruses	Heunggongvirae	Uroviricota	Caudoviricetes	NA	NA	NA	NA
8067.4.90153.ACCTCA_21698	Viruses	Heunggongvirae	Uroviricota	Caudoviricetes	NA	Pachyviridae	Gundelvirus	Gundelvirus Gundel
K7GSL311018_243	Viruses	Pararnavirae	Artverviricota	Revtraviricetes	Ortervirales	Metaviridae	Metavirus	Cladosporium fulvum T-1 virus
K7GSL311017_271	Viruses	Heunggongvirae	Uroviricota	Caudoviricetes	NA	Schitoviridae	Zurivirus	Zurivirus zuri
ERR3230155_174044	NA	NA	NA	NA	NA	NA	NA	NA
ERR3230155_59747	Viruses	Heunggongvirae	Uroviricota	Caudoviricetes	NA	Zierdtviridae	Ceetrepovirus	NA
ERR3230149_22716	Viruses	Heunggongvirae	Uroviricota	Caudoviricetes	NA	NA	NA	NA
ERR3230154_30501	Viruses	Heunggongvirae	Uroviricota	Caudoviricetes	NA	Peduoviridae	NA	NA
8067.2.90157.GGAGAA_22893	Viruses	Heunggongvirae	Uroviricota	Caudoviricetes	NA	NA	NA	NA
8067.4.90153.ACCTCA_10106	Viruses	Heunggongvirae	Uroviricota	Caudoviricetes	NA	NA	Lillamyvirus	NA
ERR3230147_315071	Viruses	Heunggongvirae	Uroviricota	Caudoviricetes	NA	NA	NA	NA
ERR3230154_45974	Viruses	Heunggongvirae	Uroviricota	Caudoviricetes	NA	NA	NA	NA
8067.4.90153.ACCTCA_1038	Viruses	Heunggongvirae	Uroviricota	Caudoviricetes	NA	NA	NA	NA
8067.2.90157.GGAGAA_16845	Viruses	Heunggongvirae	Uroviricota	Caudoviricetes	NA	NA	NA	NA
ERR3230152_34709	Viruses	Heunggongvirae	Uroviricota	Caudoviricetes	NA	NA	NA	Puniceispirillum phage HMO-2011
ERR3230155_26261	Viruses	Heunggongvirae	Uroviricota	Caudoviricetes	NA	NA	Phietavirus	Phietavirus EW
8067.1.90154.CACAGT_22643	Viruses	Heunggongvirae	Uroviricota	Caudoviricetes	NA	NA	NA	Stenotrophomonas phage S1
K7GSL311022_102	Viruses	Pararnavirae	Artverviricota	Revtraviricetes	Ortervirales	Metaviridae	Metavirus	Cladosporium fulvum T-1 virus
K7GSL311020_369	Viruses	Heunggongvirae	Uroviricota	Caudoviricetes	NA	NA	Punavirus	Punavirus SJ46
ERR3230152_266294	Viruses	Heunggongvirae	Uroviricota	Caudoviricetes	NA	Kyanoviridae	Potamoivirus	NA
ERR3230151_428227	Viruses	Heunggongvirae	Uroviricota	Caudoviricetes	NA	NA	NA	NA
ERR3230152_14453	Viruses	Heunggongvirae	Uroviricota	Caudoviricetes	NA	NA	Majavirus	Majavirus maja
ERR3230150_85104	Viruses	Bamfordvirae	Nucleocytoviricota	Megaviricetes	Algavirales	Phycodnaviridae	Chlorovirus	Paramecium bursaria Chlorella virus AR158
ERR3230155_159251	Viruses	Heunggongvirae	Uroviricota	Caudoviricetes	NA	NA	NA	Thalassomonas phage BA3
ERR3230155_120764	Viruses	Heunggongvirae	Uroviricota	Caudoviricetes	NA	NA	NA	NA
8023.5.90052.GAGTCA_1535	Viruses	Heunggongvirae	Uroviricota	Caudoviricetes	NA	NA	NA	NA
ERR3230155_82967	Viruses	Heunggongvirae	Uroviricota	Caudoviricetes	NA	Schitoviridae	NA	NA
ERR3230148_282861	Viruses	Sangervirae	Phixviricota	Malgrandaviricetes	Petitvirales	Microviridae	Sinsheimervirus	Sinsheimervirus phiX174
ERR3230155_182213_1	Viruses	Heunggongvirae	Uroviricota	Caudoviricetes	NA	NA	Rockefellervirus	NA
ERR3230150_183423	Viruses	NA	NA	NA	NA	NA	Pandoravirus	NA
ERR3230156_169427	Viruses	Pararnavirae	Artverviricota	Revtraviricetes	Ortervirales	Metaviridae	Errantivirus	Trichoplusia ni TED virus
8067.5.90158.AACCAG_517	Viruses	Heunggongvirae	Uroviricota	Caudoviricetes	NA	NA	NA	NA
ERR3230155_207380	Viruses	Heunggongvirae	Uroviricota	Caudoviricetes	NA	Rountreeviridae	Negarvirus	Negarvirus WP2
8023.5.90052.GAGTCA_2296	Viruses	NA	NA	NA	NA	NA	NA	NA
ERR3230155_132565	Viruses	Heunggongvirae	Uroviricota	Caudoviricetes	NA	NA	NA	NA
ERR3230149_132160	Viruses	Heunggongvirae	Uroviricota	Caudoviricetes	NA	NA	NA	NA
ERR3230155_34278_1	Viruses	Heunggongvirae	Uroviricota	Caudoviricetes	NA	NA	Segzyvirus	Segzyvirus segz1
8066.5.90150.AAGAGG_7756	Viruses	Heunggongvirae	Uroviricota	Caudoviricetes	NA	NA	Foxunavirus	NA
8067.3.90155.AAGAGG_2802	Viruses	Heunggongvirae	Uroviricota	Caudoviricetes	NA	NA	Pahexavirus	NA
8067.5.90158.AACCAG_8745	Viruses	Heunggongvirae	Uroviricota	Caudoviricetes	NA	NA	NA	NA
8131.3.91983.GTCGTA_2687	Viruses	Heunggongvirae	Uroviricota	Caudoviricetes	NA	Winoviridae	Pippivirus	NA
ERR3230151_332422	Viruses	Heunggongvirae	Uroviricota	Caudoviricetes	NA	NA	NA	NA
ERR3230152_82326	Viruses	Heunggongvirae	Uroviricota	Caudoviricetes	NA	Kyanoviridae	Nilusvirus	Nilusvirus ssm2
ERR3230153_147672	Viruses	Heunggongvirae	Uroviricota	Caudoviricetes	NA	NA	Luckybarnesvirus	Luckybarnesvirus luckybarnes
ERR3230155_9070	Viruses	Heunggongvirae	Uroviricota	Caudoviricetes	NA	NA	Phietavirus	NA
ERR3230155_230476	Viruses	Sangervirae	Phixviricota	Malgrandaviricetes	Petitvirales	Microviridae	Sinsheimervirus	Sinsheimervirus phiX174
ERR3230155_95106	Viruses	Heunggongvirae	Uroviricota	Caudoviricetes	NA	Herelleviridae	NA	NA
ERR3230155_139459	Viruses	Heunggongvirae	Uroviricota	Caudoviricetes	NA	NA	NA	NA
ERR3230149_234618	Viruses	Heunggongvirae	Uroviricota	Caudoviricetes	NA	NA	Wbetavirus	NA
ERR3230155_57933	Viruses	Heunggongvirae	Uroviricota	Caudoviricetes	NA	NA	Baikalvirus	Baikalvirus PaBG
8067.3.90155.GCACTA_9031	Viruses	Heunggongvirae	Uroviricota	Caudoviricetes	NA	NA	NA	NA
8067.1.90154.CACAGT_24727	Viruses	Heunggongvirae	Uroviricota	Caudoviricetes	NA	Peduoviridae	Simpcentumvirus	Simpcentumvirus Smp131
ERR3230147_377421	Viruses	Heunggongvirae	Uroviricota	Caudoviricetes	NA	Helgolandviridae	Leefvirus	Leefvirus Leef
ERR3230155_170554	Viruses	Heunggongvirae	Uroviricota	Caudoviricetes	NA	NA	NA	NA
8067.6.90152.AAGCCT_3993	Viruses	Heunggongvirae	Uroviricota	Caudoviricetes	NA	NA	Takahashivirus	Takahashivirus PBS1
ERR3230152_189227	Viruses	Heunggongvirae	Uroviricota	Caudoviricetes	NA	Orlajensenviridae	NA	NA
ERR3230152_223018	Viruses	Heunggongvirae	Uroviricota	Caudoviricetes	NA	NA	NA	NA
ERR3230155_230426	Viruses	Heunggongvirae	Uroviricota	Caudoviricetes	NA	NA	NA	NA
8066.6.90144.AAGAGG_5343	Viruses	Heunggongvirae	Uroviricota	Caudoviricetes	NA	NA	NA	NA
ERR3230147_203559	Viruses	Heunggongvirae	Uroviricota	Caudoviricetes	NA	NA	Seussvirus	Seussvirus seuss
K7GSL311019_151	Viruses	Heunggongvirae	Uroviricota	Caudoviricetes	NA	Schitoviridae	Zurivirus	Zurivirus zuri
ERR3230152_321524	Viruses	Heunggongvirae	Uroviricota	Caudoviricetes	NA	NA	NA	NA
ERR3230155_201740	Viruses	Heunggongvirae	Uroviricota	Caudoviricetes	NA	Herelleviridae	Kayvirus	NA
8023.5.90052.GAGTCA_21263	Viruses	Heunggongvirae	Uroviricota	Caudoviricetes	NA	NA	NA	NA
8067.2.90157.GGAGAA_7390	Viruses	Heunggongvirae	Uroviricota	Caudoviricetes	NA	Peduoviridae	Simpcentumvirus	Simpcentumvirus Smp131
ERR3230152_157598	Viruses	Heunggongvirae	Uroviricota	Caudoviricetes	NA	Kyanoviridae	NA	NA
K7GSL311016_681	Viruses	Heunggongvirae	Uroviricota	Caudoviricetes	NA	NA	NA	NA
8067.2.90157.AAGCCT_17995	Viruses	Heunggongvirae	Uroviricota	Caudoviricetes	NA	NA	NA	Thermus phage phi OH2
K7GSL311016_746	Viruses	Shotokuvirae	Cossaviricota	Quintoviricetes	Piccovirales	Parvoviridae	Tetraparvovirus	Tetraparvovirus ungulate3
ERR3230152_251800	Viruses	Heunggongvirae	Uroviricota	Caudoviricetes	NA	NA	Neferthenavirus	Neferthenavirus neferthena
8066.5.90150.AAGAGG_284	Viruses	Heunggongvirae	Uroviricota	Caudoviricetes	NA	Peduoviridae	Simpcentumvirus	Simpcentumvirus Smp131
ERR3230153_2161	Viruses	Heunggongvirae	Uroviricota	Caudoviricetes	NA	NA	Bievrevirus	Bievrevirus bv4A7
ERR3230155_196665	Viruses	Heunggongvirae	Uroviricota	Caudoviricetes	NA	Pervagoviridae	Callevirus	NA
K7GSL311019_1	Viruses	Heunggongvirae	Uroviricota	Caudoviricetes	NA	NA	NA	NA
ERR3230155_58696	Viruses	Heunggongvirae	Uroviricota	Caudoviricetes	NA	NA	NA	Clostridium phage c-st
ERR3230155_197690	Viruses	Heunggongvirae	Uroviricota	Caudoviricetes	NA	NA	Sextaecvirus	NA
ERR3230149_34787	Viruses	Heunggongvirae	Uroviricota	Caudoviricetes	NA	NA	NA	NA
ERR3230155_21748	Viruses	Heunggongvirae	Uroviricota	Caudoviricetes	NA	NA	NA	NA
8067.2.90157.GTCGTA_18536	Viruses	Heunggongvirae	Uroviricota	Caudoviricetes	NA	NA	NA	NA
8067.4.90153.GTGCTT_2851	Viruses	Heunggongvirae	Uroviricota	Caudoviricetes	NA	NA	NA	NA
ERR3230148_98869	Viruses	Heunggongvirae	Uroviricota	Caudoviricetes	NA	NA	NA	NA
ERR3230155_68500	Viruses	Heunggongvirae	Uroviricota	Caudoviricetes	NA	NA	NA	NA
ERR3230155_44686	Viruses	Heunggongvirae	Uroviricota	Caudoviricetes	NA	NA	NA	NA
K7GSL311018_993	Viruses	Heunggongvirae	Uroviricota	Caudoviricetes	NA	NA	NA	NA
ERR3230155_102233	Viruses	Heunggongvirae	Uroviricota	Caudoviricetes	NA	NA	Casadabanvirus	NA
ERR3230155_211598	Viruses	Heunggongvirae	Uroviricota	Caudoviricetes	NA	NA	NA	Staphylococcus phage SPbeta-like
ERR3230149_147578	Viruses	Heunggongvirae	Uroviricota	Caudoviricetes	NA	NA	NA	Enterobacteria phage SfI
ERR3230155_158995	Viruses	Heunggongvirae	Uroviricota	Caudoviricetes	NA	NA	Sextaecvirus	Sextaecvirus SEP9
8067.2.90157.GTCGTA_14836	Viruses	Heunggongvirae	Uroviricota	Caudoviricetes	NA	Winoviridae	Pippivirus	NA
8067.4.90153.GTGCTT_2722	Viruses	Heunggongvirae	Uroviricota	Caudoviricetes	NA	NA	NA	NA
ERR3230148_214708	Viruses	Heunggongvirae	Uroviricota	Caudoviricetes	NA	NA	Nanhaivirus	Nanhaivirus D5C
ERR3230155_62095	Viruses	Heunggongvirae	Uroviricota	Caudoviricetes	NA	NA	Sextaecvirus	NA
ERR3230150_166770	Viruses	Heunggongvirae	Uroviricota	Caudoviricetes	NA	NA	NA	NA
ERR3230151_136378	Viruses	Heunggongvirae	Uroviricota	Caudoviricetes	NA	NA	NA	NA
ERR3230150_147843	Viruses	Heunggongvirae	Uroviricota	Caudoviricetes	NA	NA	Sextaecvirus	Sextaecvirus sextaec
ERR3230155_230476	Viruses	Sangervirae	Phixviricota	Malgrandaviricetes	Petitvirales	Microviridae	Sinsheimervirus	Sinsheimervirus phiX174
8023.5.90052.GTGCTT_12937	Viruses	Heunggongvirae	Uroviricota	Caudoviricetes	NA	Rountreeviridae	NA	NA
8067.6.90152.AAGCCT_6990	Viruses	Heunggongvirae	Uroviricota	Caudoviricetes	NA	NA	Fipvunavirus	NA
ERR3230156_310585	Viruses	Heunggongvirae	Uroviricota	Caudoviricetes	NA	NA	NA	NA
ERR3230153_129664	Viruses	Heunggongvirae	Uroviricota	Caudoviricetes	NA	Zierdtviridae	Ceetrepovirus	NA
ERR3230152_212547	Viruses	Heunggongvirae	Uroviricota	Caudoviricetes	NA	Kyanoviridae	Salacisavirus	Salacisavirus pssm2
ERR3230155_61204	Viruses	Heunggongvirae	Uroviricota	Caudoviricetes	NA	NA	NA	NA
ERR3230155_64425	Viruses	Heunggongvirae	Uroviricota	Caudoviricetes	NA	Herelleviridae	NA	NA
ERR3230153_50314	Viruses	Heunggongvirae	Uroviricota	Caudoviricetes	NA	NA	Punavirus	Punavirus RCS47
8023.5.90052.GAGTCA_21829	Viruses	Heunggongvirae	Uroviricota	Caudoviricetes	NA	Pervagoviridae	Callevirus	NA
ERR3230148_235404	Viruses	Heunggongvirae	Uroviricota	Caudoviricetes	NA	NA	NA	NA
K7GSL311022_215	Viruses	Heunggongvirae	Uroviricota	Caudoviricetes	NA	NA	NA	NA
ERR3230150_233447	Viruses	Bamfordvirae	Nucleocytoviricota	Megaviricetes	Algavirales	Phycodnaviridae	Phaeovirus	NA
ERR3230155_129949	Viruses	Heunggongvirae	Uroviricota	Caudoviricetes	NA	NA	Sextaecvirus	NA
8066.5.90150.AAGAGG_10585	Viruses	Heunggongvirae	Uroviricota	Caudoviricetes	NA	NA	NA	NA
8067.6.90152.ACCTCA_5610	Viruses	Heunggongvirae	Uroviricota	Caudoviricetes	NA	NA	NA	NA
ERR3230150_253302	Viruses	Heunggongvirae	Uroviricota	Caudoviricetes	NA	NA	NA	NA
8023.5.90052.GAGTCA_18040	Viruses	Heunggongvirae	Uroviricota	Caudoviricetes	NA	NA	Fipvunavirus	NA
ERR3230155_90182	Viruses	Heunggongvirae	Uroviricota	Caudoviricetes	NA	NA	NA	NA
ERR3230152_249436	Viruses	Heunggongvirae	Uroviricota	Caudoviricetes	NA	NA	NA	Puniceispirillum phage HMO-2011
ERR3230150_171623	Viruses	Heunggongvirae	Uroviricota	Caudoviricetes	NA	NA	NA	NA
ERR3230155_56412	Viruses	NA	NA	NA	NA	NA	NA	NA
ERR3230153_22311	Viruses	Heunggongvirae	Uroviricota	Caudoviricetes	NA	Kyanoviridae	Potamoivirus	NA
8067.6.90152.AAGCCT_1617	Viruses	Heunggongvirae	Uroviricota	Caudoviricetes	NA	NA	Amoyvirus	Amoyvirus R7M
ERR3230150_125213	Viruses	NA	NA	NA	NA	NA	NA	NA
ERR3230152_166508	Viruses	Heunggongvirae	Uroviricota	Caudoviricetes	NA	NA	NA	NA
ERR3230151_234362	Viruses	Heunggongvirae	Uroviricota	Caudoviricetes	NA	NA	Rauchvirus	Rauchvirus BPP1
8066.6.90144.AAGAGG_6909	Viruses	Heunggongvirae	Uroviricota	Caudoviricetes	NA	NA	NA	NA
ERR3230147_183079	Viruses	Heunggongvirae	Uroviricota	Caudoviricetes	NA	NA	NA	NA
ERR3230155_106311	Viruses	Heunggongvirae	Uroviricota	Caudoviricetes	NA	Zierdtviridae	Ceetrepovirus	NA
8023.5.90052.GAGTCA_1568	Viruses	NA	NA	NA	NA	NA	NA	NA
ERR3230155_140511	Viruses	Heunggongvirae	Uroviricota	Caudoviricetes	NA	NA	NA	NA
ERR3230149_226062	Viruses	Heunggongvirae	Uroviricota	Caudoviricetes	NA	NA	NA	NA
ERR3230155_92038_1	Viruses	Heunggongvirae	Uroviricota	Caudoviricetes	NA	NA	NA	NA
8066.5.90150.AAGAGG_13306	Viruses	Heunggongvirae	Uroviricota	Caudoviricetes	NA	NA	NA	Stenotrophomonas phage S1
8067.2.90157.GTCGTA_18874	Viruses	Heunggongvirae	Uroviricota	Caudoviricetes	NA	NA	NA	NA
8067.5.90158.AACCAG_5577	Viruses	Heunggongvirae	Uroviricota	Caudoviricetes	NA	NA	NA	NA
ERR3230147_153455	Viruses	Heunggongvirae	Uroviricota	Caudoviricetes	NA	NA	NA	Rhodovulum phage vB_RhkS_P1
ERR3230154_49918	Viruses	Heunggongvirae	Uroviricota	Caudoviricetes	NA	NA	NA	NA
ERR3230147_168383	Viruses	Heunggongvirae	Uroviricota	Caudoviricetes	NA	NA	NA	NA
ERR3230152_258487	Viruses	Heunggongvirae	Uroviricota	Caudoviricetes	NA	NA	Stanholtvirus	Burkholderia phage Bcep176
K7GSL311016_1047	Viruses	Heunggongvirae	Uroviricota	Caudoviricetes	NA	NA	NA	NA
8131.3.91983.GTCGTA_5528	Viruses	Heunggongvirae	Uroviricota	Caudoviricetes	NA	NA	NA	NA
8067.4.90153.ACCTCA_2623	Viruses	Heunggongvirae	Uroviricota	Caudoviricetes	NA	NA	Helsingorvirus	NA
ERR3230152_106883	Viruses	Heunggongvirae	Uroviricota	Caudoviricetes	NA	NA	Leicestervirus	NA
8066.5.90150.AAGAGG_17206	Viruses	Heunggongvirae	Uroviricota	Caudoviricetes	NA	Peduoviridae	Simpcentumvirus	Simpcentumvirus Smp131
ERR3230153_207038	Viruses	Heunggongvirae	Uroviricota	Caudoviricetes	NA	Peduoviridae	NA	NA
ERR3230151_76916	Viruses	Heunggongvirae	Uroviricota	Caudoviricetes	NA	Autographiviridae	Podivirus	Podivirus S05C243
ERR3230153_12439	Viruses	Heunggongvirae	Uroviricota	Caudoviricetes	NA	NA	NA	NA
8066.6.90144.AAGAGG_3910	Viruses	Heunggongvirae	Uroviricota	Caudoviricetes	NA	NA	NA	NA
ERR3230147_268232	Viruses	Heunggongvirae	Uroviricota	Caudoviricetes	Crassvirales	Suoliviridae	NA	NA
K7GSL311019_88	Viruses	Heunggongvirae	Uroviricota	Caudoviricetes	NA	NA	NA	Bacillus phage 0305phi8-36
ERR3230152_198747	Viruses	Heunggongvirae	Uroviricota	Caudoviricetes	NA	NA	NA	Vibrio phage douglas 12A4
8067.3.90155.TTGGCA_5674	Viruses	Heunggongvirae	Uroviricota	Caudoviricetes	NA	NA	NA	NA
8067.4.90153.GTGCTT_4824	Viruses	Heunggongvirae	Uroviricota	Caudoviricetes	NA	NA	NA	Shigella phage SfIV
ERR3230155_107906	Viruses	Heunggongvirae	Uroviricota	Caudoviricetes	NA	NA	NA	NA
ERR3230153_132912	Viruses	Heunggongvirae	Uroviricota	Caudoviricetes	NA	NA	NA	NA
ERR3230152_265840	Viruses	Heunggongvirae	Uroviricota	Caudoviricetes	NA	NA	NA	NA
ERR3230151_191881	Viruses	Heunggongvirae	Uroviricota	Caudoviricetes	NA	NA	NA	NA
K7GSL311022_170	Viruses	Heunggongvirae	Uroviricota	Caudoviricetes	NA	Schitoviridae	Johnsonvirus	NA
K7GSL311018_287	Viruses	Pararnavirae	Artverviricota	Revtraviricetes	Ortervirales	Retroviridae	NA	NA
ERR3230155_14928	Viruses	Heunggongvirae	Uroviricota	Caudoviricetes	NA	NA	Sextaecvirus	NA
ERR3230155_103490	Viruses	Heunggongvirae	Uroviricota	Caudoviricetes	NA	Herelleviridae	Kayvirus	NA
ERR3230149_97865	Viruses	Heunggongvirae	Uroviricota	Caudoviricetes	NA	NA	Kratiovirus	NA
ERR3230154_40035	Viruses	Heunggongvirae	Uroviricota	Caudoviricetes	NA	NA	Perisivirus	NA
8067.2.90157.GGAGAA_23585	Viruses	Heunggongvirae	Uroviricota	Caudoviricetes	NA	NA	NA	NA
8067.4.90153.ACCTCA_13550	Viruses	Heunggongvirae	Uroviricota	Caudoviricetes	NA	NA	NA	NA
ERR3230153_96526	Viruses	Heunggongvirae	Uroviricota	Caudoviricetes	NA	NA	NA	NA
8066.6.90144.AAGAGG_2365	Viruses	Heunggongvirae	Uroviricota	Caudoviricetes	NA	NA	Fipvunavirus	NA
ERR3230147_180025	Viruses	NA	NA	NA	NA	NA	NA	NA
K7GSL311019_67	Viruses	Heunggongvirae	Uroviricota	Caudoviricetes	NA	NA	NA	NA
ERR3230152_154317	Viruses	Heunggongvirae	Uroviricota	Caudoviricetes	NA	Autographiviridae	NA	NA
8067.3.90155.TTGGCA_3673	Viruses	Heunggongvirae	Uroviricota	Caudoviricetes	NA	NA	NA	NA
8067.4.90153.GTGCTT_2585	Viruses	NA	NA	NA	NA	NA	NA	NA
ERR3230155_158250	Viruses	Heunggongvirae	Uroviricota	Caudoviricetes	NA	NA	NA	NA
ERR3230153_42200	Viruses	NA	NA	NA	NA	NA	NA	NA
K7GSL311017_603	Viruses	Shotokuvirae	Cressdnaviricota	Arfiviricetes	Cirlivirales	Circoviridae	NA	Circovirus-like genome DCCV-5
ERR3230147_261744	Viruses	Heunggongvirae	Uroviricota	Caudoviricetes	NA	NA	Alachuavirus	Alachuavirus Xp15
ERR3230154_32400	Viruses	Heunggongvirae	Uroviricota	Caudoviricetes	NA	Herelleviridae	NA	NA
ERR3230147_206041	NA	NA	NA	NA	NA	NA	NA	NA
ERR3230152_225047	Viruses	Heunggongvirae	Uroviricota	Caudoviricetes	NA	Autographiviridae	Banchanvirus	Banchanvirus SS1201
K7GSL311016_1054	Viruses	Pararnavirae	Artverviricota	Revtraviricetes	Ortervirales	Retroviridae	NA	NA
8131.3.91983.GTCGTA_5674	Viruses	Heunggongvirae	Uroviricota	Caudoviricetes	NA	Assiduviridae	Cebadecemvirus	Cebadecemvirus phi10una
8067.4.90153.ACCTCA_20917	Viruses	Heunggongvirae	Uroviricota	Caudoviricetes	NA	NA	NA	NA
ERR3230152_129738	Viruses	Heunggongvirae	Uroviricota	Caudoviricetes	NA	NA	NA	NA
8066.5.90150.AAGAGG_11138	Viruses	Heunggongvirae	Uroviricota	Caudoviricetes	NA	NA	NA	Stenotrophomonas phage S1
ERR3230153_142750	Viruses	Heunggongvirae	Uroviricota	Caudoviricetes	NA	NA	NA	NA
ERR3230155_153844	Viruses	Heunggongvirae	Uroviricota	Caudoviricetes	NA	NA	NA	NA
ERR3230149_125102	Viruses	Heunggongvirae	Uroviricota	Caudoviricetes	NA	NA	NA	NA
ERR3230155_172224	Viruses	Heunggongvirae	Uroviricota	Caudoviricetes	NA	NA	Sextaecvirus	NA
8023.5.90052.GAGTCA_16888	Viruses	Heunggongvirae	Uroviricota	Caudoviricetes	NA	NA	NA	NA
ERR3230155_11466	Viruses	Heunggongvirae	Uroviricota	Caudoviricetes	NA	Rountreeviridae	Andhravirus	NA
ERR3230152_60120	Viruses	Heunggongvirae	Uroviricota	Caudoviricetes	NA	Kyanoviridae	Lipsvirus	Lipsvirus ssm7
ERR3230150_239520	Viruses	Heunggongvirae	Uroviricota	Caudoviricetes	NA	NA	Sextaecvirus	NA
ERR3230155_114991	Viruses	NA	NA	NA	NA	NA	NA	NA
ERR3230153_59825	Viruses	Loebvirae	Hofneiviricota	Faserviricetes	Tubulavirales	Inoviridae	Primolicivirus	Primolicivirus Pf1
8067.6.90152.AAGCCT_830	Viruses	Heunggongvirae	Uroviricota	Caudoviricetes	NA	NA	NA	NA
ERR3230155_218241	Viruses	Heunggongvirae	Uroviricota	Caudoviricetes	NA	NA	NA	NA
K7GSL311019_4	Viruses	Bamfordvirae	Nucleocytoviricota	Megaviricetes	Algavirales	Phycodnaviridae	NA	Orpheovirus IHUMI-LCC2
ERR3230155_1294	Viruses	Heunggongvirae	Uroviricota	Caudoviricetes	NA	NA	Arvduovirus	Arvduovirus ArV2
ERR3230155_103832	Viruses	Heunggongvirae	Uroviricota	Caudoviricetes	NA	NA	NA	NA
ERR3230149_299361	Viruses	Heunggongvirae	Uroviricota	Caudoviricetes	NA	NA	Kungbxnavirus	Kungbxnavirus pT24
ERR3230155_86870	Viruses	Heunggongvirae	Uroviricota	Caudoviricetes	NA	NA	NA	NA
8067.3.90155.AAGAGG_14599	Viruses	Heunggongvirae	Uroviricota	Caudoviricetes	NA	NA	Takahashivirus	Takahashivirus PBS1
ERR3230156_562380	Viruses	Pararnavirae	Artverviricota	Revtraviricetes	Ortervirales	Metaviridae	Metavirus	Cladosporium fulvum T-1 virus
ERR3230148_79231	Viruses	Heunggongvirae	Uroviricota	Caudoviricetes	NA	NA	NA	NA
ERR3230155_53667	Viruses	Heunggongvirae	Uroviricota	Caudoviricetes	NA	Schitoviridae	Galateavirus	Galateavirus PVA5
8131.3.91983.GTCGTA_2249	Viruses	NA	NA	NA	NA	Bicaudaviridae	NA	Sulfolobus monocaudavirus SMV3
ERR3230150_144331	Viruses	Heunggongvirae	Uroviricota	Caudoviricetes	NA	NA	NA	NA
ERR3230154_51776	Viruses	Heunggongvirae	Uroviricota	Caudoviricetes	NA	NA	NA	NA
ERR3230155_29270	Viruses	Heunggongvirae	Uroviricota	Caudoviricetes	NA	NA	NA	NA
8067.4.90153.ACCTCA_7960	Viruses	Heunggongvirae	Uroviricota	Caudoviricetes	NA	Aliceevansviridae	NA	NA
ERR3230147_398441	Viruses	Loebvirae	Hofneiviricota	Faserviricetes	Tubulavirales	Paulinoviridae	Bifilivirus	Bifilivirus B5
ERR3230154_19169	Viruses	Heunggongvirae	Uroviricota	Caudoviricetes	NA	NA	NA	NA
ERR3230155_25648	Viruses	Heunggongvirae	Uroviricota	Caudoviricetes	NA	NA	NA	NA
ERR3230155_70388	Viruses	Heunggongvirae	Uroviricota	Caudoviricetes	NA	NA	NA	NA
8023.5.90052.GAGTCA_19893	Viruses	Heunggongvirae	Uroviricota	Caudoviricetes	NA	NA	NA	NA
ERR3230150_22638	Viruses	Heunggongvirae	Uroviricota	Caudoviricetes	NA	Herelleviridae	Baoshanvirus	Baoshanvirus BS2
ERR3230151_310768	Viruses	Heunggongvirae	Uroviricota	Caudoviricetes	NA	NA	NA	NA
ERR3230155_153909	Viruses	Heunggongvirae	Uroviricota	Caudoviricetes	NA	NA	NA	NA
ERR3230149_209763	Viruses	Heunggongvirae	Uroviricota	Caudoviricetes	NA	NA	NA	NA
ERR3230154_38641	Viruses	Heunggongvirae	Uroviricota	Caudoviricetes	NA	NA	NA	Mannheimia phage vB_MhS_1152AP2
8067.2.90157.GGAGAA_12574	Viruses	Heunggongvirae	Uroviricota	Caudoviricetes	NA	NA	Seunavirus	Seunavirus 4MG
8067.4.90153.ACCTCA_9373	Viruses	Heunggongvirae	Uroviricota	Caudoviricetes	NA	Winoviridae	Pippivirus	NA
ERR3230147_532	Viruses	Heunggongvirae	Uroviricota	Caudoviricetes	NA	NA	NA	NA
ERR3230154_40124	Viruses	Heunggongvirae	Uroviricota	Caudoviricetes	NA	NA	Dinavirus	Dinavirus dina
ERR3230155_185200	Viruses	Heunggongvirae	Uroviricota	Caudoviricetes	NA	Zierdtviridae	Ceetrepovirus	NA
ERR3230148_660	Viruses	NA	NA	Naldaviricetes	Lefavirales	Baculoviridae	Betabaculovirus	Betabaculovirus molatipedis
ERR3230152_58568	Viruses	Heunggongvirae	Uroviricota	Caudoviricetes	NA	NA	NA	NA
8066.5.90150.GTCGTA_11520	Viruses	Bamfordvirae	Nucleocytoviricota	Megaviricetes	Imitervirales	Mimiviridae	Rheavirus	Rheavirus sinusmexicani
ERR3230147_241604	Viruses	Heunggongvirae	Uroviricota	Caudoviricetes	NA	NA	NA	NA
8067.4.90153.GTGCTT_4330	Viruses	Heunggongvirae	Uroviricota	Caudoviricetes	NA	NA	Diegovirus	NA
ERR3230152_198272	Viruses	Heunggongvirae	Uroviricota	Caudoviricetes	Thumleimavirales	Halomagnusviridae	Hagravirus	Hagravirus HGTV1
8067.3.90155.AAGAGG_11868	Viruses	Heunggongvirae	Uroviricota	Caudoviricetes	NA	NA	NA	NA
8067.4.90153.GTGCTT_2129	Viruses	Heunggongvirae	Uroviricota	Caudoviricetes	NA	Peduoviridae	Xuanwuvirus	NA
ERR3230155_100418	Viruses	Heunggongvirae	Uroviricota	Caudoviricetes	NA	NA	NA	NA
ERR3230153_209716	Viruses	Orthornavirae	Duplornaviricota	Resentoviricetes	Reovirales	Sedoreoviridae	Orbivirus	Bluetongue virus
ERR3230154_47722	Viruses	Heunggongvirae	Uroviricota	Caudoviricetes	NA	NA	NA	NA
ERR3230155_77314	Viruses	Pararnavirae	Artverviricota	Revtraviricetes	Ortervirales	NA	NA	NA
ERR3230155_164562	Viruses	Heunggongvirae	Uroviricota	Caudoviricetes	NA	NA	NA	NA
8023.5.90052.GAGTCA_5576	Viruses	Heunggongvirae	Uroviricota	Caudoviricetes	NA	NA	Fipvunavirus	NA
ERR3230155_155353	Viruses	Heunggongvirae	Uroviricota	Caudoviricetes	NA	NA	NA	NA
ERR3230149_151468	Viruses	Heunggongvirae	Uroviricota	Caudoviricetes	NA	NA	NA	NA
K7GSL311021_237	Viruses	Heunggongvirae	Uroviricota	Caudoviricetes	NA	NA	Menderavirus	Menderavirus IMESM1
ERR3230153_35375	Viruses	Heunggongvirae	Uroviricota	Caudoviricetes	NA	NA	NA	NA
K7GSL311017_199	Viruses	Heunggongvirae	Uroviricota	Caudoviricetes	NA	NA	NA	NA
8067.5.90158.AACCAG_11153	Viruses	Heunggongvirae	Uroviricota	Caudoviricetes	NA	NA	NA	NA
ERR3230152_237793	Viruses	Heunggongvirae	Uroviricota	Caudoviricetes	NA	Autographiviridae	NA	NA
ERR3230153_108492	Viruses	Heunggongvirae	Uroviricota	Caudoviricetes	NA	Kyanoviridae	NA	NA
ERR3230147_381741	Viruses	Heunggongvirae	Uroviricota	Caudoviricetes	NA	NA	Donellivirus	Donellivirus gee
ERR3230152_303266	Viruses	Heunggongvirae	Uroviricota	Caudoviricetes	NA	Autographiviridae	NA	NA
8066.5.90150.GGAGAA_5903	Viruses	Heunggongvirae	Uroviricota	Caudoviricetes	NA	NA	NA	NA
8131.3.91983.GTCGTA_7246	Viruses	Heunggongvirae	Uroviricota	Caudoviricetes	NA	Casjensviridae	Chivirus	NA
8067.4.90153.GTGCTT_4222	Viruses	Heunggongvirae	Uroviricota	Caudoviricetes	NA	NA	NA	Lactobacillus phage phi jlb1
ERR3230152_63982	Viruses	Heunggongvirae	Uroviricota	Caudoviricetes	NA	NA	NA	NA
8067.2.90157.GTCGTA_12588	Viruses	Heunggongvirae	Uroviricota	Caudoviricetes	NA	NA	Beetrevirus	NA
ERR3230153_218960	Viruses	Heunggongvirae	Uroviricota	Caudoviricetes	NA	NA	NA	NA
ERR3230153_146202	Viruses	Heunggongvirae	Uroviricota	Caudoviricetes	NA	NA	Godonkavirus	Godonkavirus godonK
ERR3230152_268441	Viruses	Heunggongvirae	Uroviricota	Caudoviricetes	NA	Autographiviridae	NA	NA
ERR3230156_287436	Viruses	NA	NA	NA	NA	NA	NA	NA
8067.2.90157.AAGCCT_1777	Viruses	Heunggongvirae	Uroviricota	Caudoviricetes	NA	NA	NA	Clostridium phage phiCTP1
K7GSL311016_266	Viruses	Heunggongvirae	Uroviricota	Caudoviricetes	NA	NA	NA	NA
K7GSL311021_4	Viruses	Heunggongvirae	Uroviricota	Caudoviricetes	NA	NA	Juiceboxvirus	Juiceboxvirus juicebox
ERR3230152_210882	Viruses	Heunggongvirae	Uroviricota	Caudoviricetes	NA	Kyanoviridae	Haifavirus	Haifavirus tim68
ERR3230152_22098	Viruses	Heunggongvirae	Uroviricota	Caudoviricetes	NA	NA	Hapunavirus	Hapunavirus VP882
ERR3230152_125612	Viruses	Heunggongvirae	Uroviricota	Caudoviricetes	NA	Autographiviridae	Lingvirus	Lingvirus PGSP1
ERR3230153_39915	Viruses	Heunggongvirae	Uroviricota	Caudoviricetes	NA	NA	NA	NA
ERR3230153_158932_1	Viruses	Heunggongvirae	Uroviricota	Caudoviricetes	NA	NA	NA	NA
K7GSL311018_495	Viruses	Heunggongvirae	Uroviricota	Caudoviricetes	NA	NA	Teubervirus	NA
ERR3230155_188231	Viruses	Heunggongvirae	Uroviricota	Caudoviricetes	NA	NA	Badaztecvirus	NA
ERR3230155_52724	Viruses	Heunggongvirae	Uroviricota	Caudoviricetes	NA	NA	NA	Nocardia phage NBR1
ERR3230149_250108	Viruses	Heunggongvirae	Uroviricota	Caudoviricetes	NA	NA	Astrithrvirus	Astrithrvirus astrithr
ERR3230155_187821	Viruses	Heunggongvirae	Uroviricota	Caudoviricetes	NA	NA	Sextaecvirus	NA
8067.2.90157.GTCGTA_8430	Viruses	NA	NA	NA	NA	NA	NA	NA
8067.4.90153.ACCTCA_17951	Viruses	Heunggongvirae	Uroviricota	Caudoviricetes	NA	NA	NA	NA
ERR3230147_195266	Viruses	Heunggongvirae	Uroviricota	Caudoviricetes	NA	NA	Kochitakasuvirus	NA
ERR3230155_230425	Viruses	Heunggongvirae	Uroviricota	Caudoviricetes	NA	NA	NA	Pseudomonas phage phiPSA1
8131.3.91983.GTCGTA_4056	Viruses	Heunggongvirae	Uroviricota	Caudoviricetes	NA	NA	Fipvunavirus	NA
ERR3230151_225440	Viruses	Heunggongvirae	Uroviricota	Caudoviricetes	NA	NA	Rauchvirus	Rauchvirus BPP1
8067.6.90152.AAGCCT_4803	Viruses	Heunggongvirae	Uroviricota	Caudoviricetes	NA	NA	Lastavirus	Lastavirus sopranogao
ERR3230156_305831	Viruses	Pararnavirae	Artverviricota	Revtraviricetes	Ortervirales	Metaviridae	NA	NA
ERR3230152_44365	Viruses	Heunggongvirae	Uroviricota	Caudoviricetes	NA	Kyanoviridae	Salacisavirus	Salacisavirus pssm2
ERR3230152_167541	Viruses	NA	NA	NA	NA	NA	NA	NA
ERR3230155_126281	Viruses	Heunggongvirae	Uroviricota	Caudoviricetes	NA	NA	Rockefellervirus	NA
8066.6.90144.AAGAGG_6248	Viruses	Heunggongvirae	Uroviricota	Caudoviricetes	NA	Winoviridae	NA	NA
ERR3230147_278541	Viruses	Heunggongvirae	Uroviricota	Caudoviricetes	NA	Duneviridae	NA	NA
K7GSL311020_3	Viruses	Bamfordvirae	Nucleocytoviricota	Megaviricetes	Imitervirales	Mimiviridae	NA	NA
ERR3230155_206987	Viruses	Heunggongvirae	Uroviricota	Caudoviricetes	NA	NA	Pahexavirus	Propionibacterium phage PA1-14
ERR3230155_193910	Viruses	Heunggongvirae	Uroviricota	Caudoviricetes	NA	Herelleviridae	NA	NA
ERR3230155_54829	Viruses	Heunggongvirae	Uroviricota	Caudoviricetes	NA	Zierdtviridae	Ceetrepovirus	NA
8023.5.90052.GAGTCA_15608	Viruses	Heunggongvirae	Uroviricota	Caudoviricetes	NA	NA	Fipvunavirus	NA
ERR3230155_163174	Viruses	Heunggongvirae	Uroviricota	Caudoviricetes	NA	NA	NA	Riemerella phage RAP44
ERR3230152_149161	Viruses	Heunggongvirae	Uroviricota	Caudoviricetes	NA	Autographiviridae	Tiamatvirus	Tiamatvirus PSSP7
ERR3230150_264462	Viruses	Heunggongvirae	Uroviricota	Caudoviricetes	NA	NA	Sextaecvirus	NA
K7GSL311022_17	Viruses	Heunggongvirae	Uroviricota	Caudoviricetes	NA	NA	NA	NA
ERR3230153_21613	Viruses	Heunggongvirae	Uroviricota	Caudoviricetes	NA	NA	Magadivirus	Magadivirus Mgbh1
8067.5.90158.TGGTGA_5923	Viruses	Heunggongvirae	Uroviricota	Caudoviricetes	NA	Winoviridae	Pippivirus	NA
ERR3230155_172030	Viruses	Heunggongvirae	Uroviricota	Caudoviricetes	NA	NA	NA	Geobacillus virus E3
8023.5.90052.GAGTCA_13980	Viruses	Bamfordvirae	Nucleocytoviricota	Pokkesviricetes	Chitovirales	Poxviridae	Parapoxvirus	Grey sealpox virus
ERR3230155_105015	Viruses	Heunggongvirae	Uroviricota	Caudoviricetes	NA	NA	NA	Rhodococcus phage RRH1
ERR3230149_124727	Viruses	Heunggongvirae	Uroviricota	Caudoviricetes	NA	NA	NA	NA
ERR3230150_69016	Viruses	Heunggongvirae	Uroviricota	Caudoviricetes	NA	NA	Sextaecvirus	NA
K7GSL311016_6	Viruses	Heunggongvirae	Uroviricota	Caudoviricetes	NA	NA	NA	NA
ERR3230153_74827	Viruses	Heunggongvirae	Uroviricota	Caudoviricetes	NA	NA	NA	NA
8067.5.90158.TGGTGA_5410	Viruses	Heunggongvirae	Uroviricota	Caudoviricetes	NA	NA	NA	NA
ERR3230150_226004	Viruses	Heunggongvirae	Uroviricota	Caudoviricetes	NA	Autographiviridae	NA	NA
ERR3230151_180841	Viruses	Heunggongvirae	Uroviricota	Caudoviricetes	NA	Autographiviridae	NA	NA
ERR3230155_200469	Viruses	Heunggongvirae	Uroviricota	Caudoviricetes	NA	NA	NA	Vibrio phage CHOED
8023.5.90052.GAGTCA_3459	Viruses	Heunggongvirae	Uroviricota	Caudoviricetes	NA	NA	Fipvunavirus	NA
ERR3230155_148176	Viruses	Heunggongvirae	Uroviricota	Caudoviricetes	NA	Salasmaviridae	NA	NA
ERR3230149_132170	Viruses	Heunggongvirae	Uroviricota	Caudoviricetes	NA	NA	NA	NA
K7GSL311016_45_1	Viruses	Heunggongvirae	Uroviricota	Caudoviricetes	NA	Autographiviridae	NA	NA
8066.5.90150.AAGAGG_9475	Viruses	Heunggongvirae	Uroviricota	Caudoviricetes	NA	NA	Hollowayvirus	Hollowayvirus H66
K7GSL311017_148	Viruses	Heunggongvirae	Uroviricota	Caudoviricetes	NA	NA	Stanholtvirus	Burkholderia phage KS9
8067.5.90158.AACCAG_10073	Viruses	NA	NA	NA	NA	NA	NA	NA
8131.3.91983.GTCGTA_2832	Viruses	Heunggongvirae	Uroviricota	Caudoviricetes	NA	NA	Bertelyvirus	Bertelyvirus BL9
ERR3230151_364093	Viruses	Heunggongvirae	Uroviricota	Caudoviricetes	NA	Pervagoviridae	Callevirus	NA
8023.5.90052.GAGTCA_21221	NA	NA	NA	NA	NA	NA	NA	NA
ERR3230148_128803	Viruses	Heunggongvirae	Uroviricota	Caudoviricetes	NA	NA	Donellivirus	Donellivirus gee
ERR3230155_166870_1	Viruses	Heunggongvirae	Uroviricota	Caudoviricetes	NA	NA	NA	NA
K7GSL311018_759	Viruses	Heunggongvirae	Uroviricota	Caudoviricetes	NA	NA	Emdodecavirus	NA
ERR3230155_152660	Viruses	Heunggongvirae	Uroviricota	Caudoviricetes	NA	NA	NA	NA
ERR3230155_103664	Viruses	Heunggongvirae	Uroviricota	Caudoviricetes	NA	NA	NA	NA
ERR3230149_156360	Viruses	Heunggongvirae	Uroviricota	Caudoviricetes	NA	NA	NA	NA
ERR3230155_72290	Viruses	Heunggongvirae	Uroviricota	Caudoviricetes	NA	NA	Rimavirus	NA
8067.2.90157.GTCGTA_10424	Viruses	Heunggongvirae	Uroviricota	Caudoviricetes	NA	NA	Pahexavirus	NA
8067.4.90153.GTGCTT_2165	Viruses	Bamfordvirae	Nucleocytoviricota	Pokkesviricetes	Chitovirales	Poxviridae	Avipoxvirus	Turkeypox virus
8067.2.90157.AAGCCT_7386	Viruses	NA	NA	NA	NA	NA	NA	NA
ERR3230152_268683	Viruses	Heunggongvirae	Uroviricota	Caudoviricetes	NA	Kyanoviridae	Salacisavirus	Salacisavirus pssm2
K7GSL311015_761	Viruses	Loebvirae	Hofneiviricota	Faserviricetes	Tubulavirales	Inoviridae	NA	NA
8067.2.90157.AAGCCT_13284	Viruses	Heunggongvirae	Uroviricota	Caudoviricetes	NA	NA	Lambdavirus	Lambdavirus lvO276
K7GSL311016_621	Viruses	NA	NA	NA	NA	NA	NA	NA
ERR3230152_218378	Viruses	Heunggongvirae	Uroviricota	Caudoviricetes	NA	Kyanoviridae	Salacisavirus	Salacisavirus pssm2
8023.5.90052.GAGTCA_11767	Viruses	Heunggongvirae	Uroviricota	Caudoviricetes	Crassvirales	NA	NA	NA
ERR3230152_286712	Viruses	Heunggongvirae	Uroviricota	Caudoviricetes	NA	NA	NA	NA
ERR3230152_125721	Viruses	Heunggongvirae	Uroviricota	Caudoviricetes	NA	Autographiviridae	Lirvirus	Lirvirus SCBP3
ERR3230153_169348	Viruses	Heunggongvirae	Uroviricota	Caudoviricetes	NA	NA	Rahariannevirus	Rahariannevirus raharianne
8131.3.91983.GTCGTA_1699	Viruses	Heunggongvirae	Uroviricota	Caudoviricetes	NA	NA	NA	NA
ERR3230150_50459	Viruses	Heunggongvirae	Uroviricota	Caudoviricetes	NA	NA	Sextaecvirus	Sextaecvirus SEP9
ERR3230155_113306	Viruses	Heunggongvirae	Uroviricota	Caudoviricetes	NA	NA	NA	NA
8023.5.90052.GAGTCA_10351	Viruses	Heunggongvirae	Uroviricota	Caudoviricetes	NA	NA	Immutovirus	Immutovirus immuto
ERR3230155_11181	Viruses	Heunggongvirae	Uroviricota	Caudoviricetes	NA	NA	Oshimavirus	NA
ERR3230149_179686	Viruses	Heunggongvirae	Uroviricota	Caudoviricetes	NA	NA	NA	NA
8067.4.90153.GTGCTT_3297	Viruses	Heunggongvirae	Uroviricota	Caudoviricetes	NA	NA	NA	NA
ERR3230153_106803	Viruses	Heunggongvirae	Uroviricota	Caudoviricetes	NA	Autographiviridae	NA	NA
K7GSL311017_271	Viruses	Heunggongvirae	Uroviricota	Caudoviricetes	NA	Schitoviridae	Zurivirus	Zurivirus zuri
8067.5.90158.TGGTGA_489	Viruses	Heunggongvirae	Uroviricota	Caudoviricetes	NA	NA	Incheonvirus	NA
ERR3230149_42658	Viruses	Heunggongvirae	Uroviricota	Caudoviricetes	NA	NA	NA	NA
ERR3230155_76825	Viruses	Heunggongvirae	Uroviricota	Caudoviricetes	NA	NA	Sextaecvirus	Sextaecvirus sextaec
ERR3230155_156649	Viruses	Heunggongvirae	Uroviricota	Caudoviricetes	NA	Zierdtviridae	Ceetrepovirus	NA
8023.5.90052.GAGTCA_1026	Viruses	Heunggongvirae	Uroviricota	Caudoviricetes	Crassvirales	NA	NA	NA
ERR3230155_82926	Viruses	Bamfordvirae	Nucleocytoviricota	Megaviricetes	Imitervirales	Mimiviridae	Rheavirus	Rheavirus sinusmexicani
ERR3230148_210380	Viruses	Bamfordvirae	Nucleocytoviricota	Megaviricetes	NA	NA	NA	NA
ERR3230155_166935_1	Viruses	Heunggongvirae	Uroviricota	Caudoviricetes	NA	NA	Coventryvirus	NA
ERR3230150_191437	Viruses	Heunggongvirae	Uroviricota	Caudoviricetes	NA	Herelleviridae	NA	NA
ERR3230156_409233	Viruses	Pararnavirae	Artverviricota	Revtraviricetes	Ortervirales	NA	NA	NA
8067.4.90153.GTGCTT_4737	Viruses	Heunggongvirae	Uroviricota	Caudoviricetes	NA	NA	NA	Cronobacter phage phiES15
8131.3.91983.GTCGTA_1497	Viruses	Heunggongvirae	Uroviricota	Caudoviricetes	NA	NA	NA	NA
ERR3230150_211792	Viruses	NA	NA	NA	NA	NA	NA	NA
ERR3230153_62013	Viruses	NA	NA	NA	NA	NA	NA	Apis mellifera filamentous virus
ERR3230152_290788	Viruses	Heunggongvirae	Uroviricota	Caudoviricetes	NA	Autographiviridae	Lingvirus	Lingvirus PGSP1
ERR3230156_364629	Viruses	NA	NA	NA	NA	Polydnaviriformidae	Bracoviriform	Bracoviriform congregatae
8067.2.90157.AAGCCT_1750	Viruses	Heunggongvirae	Uroviricota	Caudoviricetes	NA	NA	Sendosyvirus	NA
K7GSL311022_152	Viruses	Heunggongvirae	Uroviricota	Caudoviricetes	NA	NA	Seoulvirus	Seoulvirus SPN3US
K7GSL311021_3	Viruses	Heunggongvirae	Uroviricota	Caudoviricetes	NA	Aliceevansviridae	Brussowvirus	Brussowvirus 20617
ERR3230152_199364	Viruses	Heunggongvirae	Uroviricota	Caudoviricetes	NA	NA	NA	NA
ERR3230152_306781	Viruses	Heunggongvirae	Uroviricota	Caudoviricetes	NA	NA	NA	Clostridium phage vB_CpeS-CP51
ERR3230152_114756	Viruses	Heunggongvirae	Uroviricota	Caudoviricetes	NA	Kyanoviridae	Salacisavirus	Salacisavirus pssm2
ERR3230153_24702	Viruses	Heunggongvirae	Uroviricota	Caudoviricetes	NA	Zierdtviridae	Ceetrepovirus	NA
ERR3230155_63298	Viruses	Heunggongvirae	Uroviricota	Caudoviricetes	NA	NA	NA	NA
8023.5.90052.GAGTCA_17189	Viruses	Heunggongvirae	Uroviricota	Caudoviricetes	NA	NA	Fipvunavirus	NA
ERR3230155_11479	Viruses	Heunggongvirae	Uroviricota	Caudoviricetes	NA	NA	Peeveelvirus	NA
ERR3230152_338380	Viruses	Heunggongvirae	Uroviricota	Caudoviricetes	NA	Autographiviridae	NA	NA
ERR3230150_171421	Viruses	Heunggongvirae	Uroviricota	Caudoviricetes	NA	Rountreeviridae	NA	NA
ERR3230155_135688	Viruses	Heunggongvirae	Uroviricota	Caudoviricetes	NA	NA	Magadivirus	Magadivirus Mgbh1
ERR3230153_112393	Viruses	Heunggongvirae	Uroviricota	Caudoviricetes	NA	NA	NA	NA
8067.6.90152.AAGCCT_1160	Viruses	Heunggongvirae	Uroviricota	Caudoviricetes	NA	NA	Fipvunavirus	NA
ERR3230150_91143	Viruses	Heunggongvirae	Uroviricota	Caudoviricetes	Crassvirales	NA	NA	NA
ERR3230152_277640	Viruses	Heunggongvirae	Uroviricota	Caudoviricetes	NA	Kyanoviridae	NA	NA
ERR3230152_148486	Viruses	Heunggongvirae	Uroviricota	Caudoviricetes	NA	NA	Eurybiavirus	NA
ERR3230153_230372	Viruses	Bamfordvirae	Nucleocytoviricota	Megaviricetes	NA	NA	NA	NA
8067.6.90152.ACCTCA_4636	Viruses	Heunggongvirae	Uroviricota	Caudoviricetes	NA	NA	Immutovirus	Immutovirus immuto
ERR3230155_125412	Viruses	Heunggongvirae	Uroviricota	Caudoviricetes	NA	Schitoviridae	NA	NA
ERR3230153_202981	Viruses	Heunggongvirae	Uroviricota	Caudoviricetes	NA	NA	NA	NA
K7GSL311018_7	Viruses	Heunggongvirae	Uroviricota	Caudoviricetes	NA	NA	NA	NA
ERR3230152_290337	Viruses	Heunggongvirae	Uroviricota	Caudoviricetes	NA	NA	NA	NA
ERR3230155_195650	Viruses	Heunggongvirae	Uroviricota	Caudoviricetes	NA	Schitoviridae	NA	NA
ERR3230155_81698	Viruses	Heunggongvirae	Uroviricota	Caudoviricetes	NA	NA	NA	NA
ERR3230149_96730	Viruses	Heunggongvirae	Uroviricota	Caudoviricetes	NA	NA	NA	NA
ERR3230155_217302	Viruses	Heunggongvirae	Uroviricota	Caudoviricetes	NA	NA	NA	NA
ERR3230155_81828	Viruses	Heunggongvirae	Uroviricota	Caudoviricetes	NA	Rountreeviridae	NA	NA
ERR3230153_207138	Viruses	Heunggongvirae	Uroviricota	Caudoviricetes	NA	NA	NA	NA
ERR3230152_101566	Viruses	Bamfordvirae	Nucleocytoviricota	Megaviricetes	Pimascovirales	Iridoviridae	Iridovirus	Invertebrate iridescent virus 31
ERR3230156_529029	Viruses	NA	NA	NA	NA	Polydnaviriformidae	Bracoviriform	Bracoviriform congregatae
8067.2.90157.AAGCCT_11853	Viruses	Heunggongvirae	Uroviricota	Caudoviricetes	NA	NA	Pahexavirus	Pahexavirus pacnes201215
K7GSL311016_571	Viruses	Heunggongvirae	Uroviricota	Caudoviricetes	NA	NA	NA	NA
ERR3230152_250406	Viruses	Heunggongvirae	Uroviricota	Caudoviricetes	NA	NA	Llyrvirus	Llyrvirus SSKS1
ERR3230152_355510	Viruses	Pararnavirae	Artverviricota	Revtraviricetes	Ortervirales	Metaviridae	NA	NA
ERR3230152_105297_fragment_1	Viruses	Heunggongvirae	Uroviricota	Caudoviricetes	NA	NA	NA	NA
ERR3230152_272638	Viruses	Heunggongvirae	Uroviricota	Caudoviricetes	NA	Autographiviridae	Lingvirus	Lingvirus PGSP1
ERR3230150_130845	Viruses	Heunggongvirae	Uroviricota	Caudoviricetes	NA	NA	NA	NA
K7GSL311017_206	Viruses	Heunggongvirae	Uroviricota	Caudoviricetes	NA	NA	NA	NA
ERR3230155_173983	Viruses	Heunggongvirae	Uroviricota	Caudoviricetes	NA	NA	NA	NA
ERR3230155_95969	Viruses	Heunggongvirae	Uroviricota	Caudoviricetes	NA	NA	Magadivirus	Magadivirus Mgbh1
ERR3230149_172999	Viruses	Heunggongvirae	Uroviricota	Caudoviricetes	NA	NA	NA	NA
ERR3230154_42074	Viruses	Heunggongvirae	Uroviricota	Caudoviricetes	NA	Peduoviridae	NA	NA
8067.2.90157.GGAGAA_20856	Viruses	Bamfordvirae	Nucleocytoviricota	Megaviricetes	NA	NA	NA	NA
8067.4.90153.ACCTCA_9971	Viruses	Heunggongvirae	Uroviricota	Caudoviricetes	NA	Straboviridae	Winklervirus	Winklervirus xtwenty
ERR3230147_334262	Viruses	Heunggongvirae	Uroviricota	Caudoviricetes	NA	NA	NA	NA
ERR3230155_114530	Viruses	Heunggongvirae	Uroviricota	Caudoviricetes	NA	NA	NA	NA
ERR3230153_109483	Viruses	Heunggongvirae	Uroviricota	Caudoviricetes	NA	NA	Casadabanvirus	NA
ERR3230152_120800	Viruses	Heunggongvirae	Uroviricota	Caudoviricetes	NA	NA	NA	NA
ERR3230151_64758	Viruses	Heunggongvirae	Uroviricota	Caudoviricetes	NA	NA	NA	NA
ERR3230152_325512	Viruses	Heunggongvirae	Uroviricota	Caudoviricetes	NA	NA	NA	NA
ERR3230155_89556	Viruses	Heunggongvirae	Uroviricota	Caudoviricetes	NA	NA	NA	NA
ERR3230153_127333	Viruses	Loebvirae	Hofneiviricota	Faserviricetes	Tubulavirales	Inoviridae	NA	NA
K7GSL311018_13	Viruses	Heunggongvirae	Uroviricota	Caudoviricetes	NA	Straboviridae	Biquartavirus	Biquartavirus 44RR2
ERR3230153_242936	Viruses	Shotokuvirae	Cossaviricota	Papovaviricetes	Zurhausenvirales	Papillomaviridae	NA	Felis catus papillomavirus type 5
ERR3230155_159540	Viruses	Heunggongvirae	Uroviricota	Caudoviricetes	NA	NA	NA	NA
ERR3230147_395012	Viruses	Heunggongvirae	Uroviricota	Caudoviricetes	NA	NA	NA	NA
ERR3230152_57957	Viruses	Heunggongvirae	Uroviricota	Caudoviricetes	NA	NA	Coopervirus	Coopervirus nigel
K7GSL311016_863	Viruses	Heunggongvirae	Uroviricota	Caudoviricetes	NA	NA	Harrisonvirus	Harrisonvirus harrison
8067.2.90157.AAGCCT_21905	Viruses	NA	NA	NA	NA	NA	NA	NA
8067.4.90153.ACCTCA_18679	Viruses	Heunggongvirae	Uroviricota	Caudoviricetes	NA	NA	NA	Bdellovibrio phage phi1422
ERR3230152_285747	Viruses	Heunggongvirae	Uroviricota	Caudoviricetes	NA	Kyanoviridae	Salacisavirus	Salacisavirus pssm2
8066.5.90150.AAGAGG_4914	Viruses	Heunggongvirae	Uroviricota	Caudoviricetes	NA	NA	NA	NA
ERR3230153_186565	Viruses	Heunggongvirae	Uroviricota	Caudoviricetes	NA	NA	Enhodamvirus	NA
ERR3230152_282681	Viruses	Heunggongvirae	Uroviricota	Caudoviricetes	NA	Autographiviridae	NA	NA
ERR3230153_94537	Viruses	Heunggongvirae	Uroviricota	Caudoviricetes	NA	Kyanoviridae	NA	NA
ERR3230155_142459	Viruses	Heunggongvirae	Uroviricota	Caudoviricetes	NA	NA	Astrithrvirus	Astrithrvirus astrithr
8023.5.90052.GAGTCA_18392	Viruses	Heunggongvirae	Uroviricota	Caudoviricetes	NA	Zobellviridae	NA	NA
ERR3230155_119536	Viruses	Heunggongvirae	Uroviricota	Caudoviricetes	NA	Straboviridae	Biquartavirus	Biquartavirus 44RR2
ERR3230152_294660	Viruses	Heunggongvirae	Uroviricota	Caudoviricetes	NA	Duneviridae	Unahavirus	Unahavirus uv6H
ERR3230150_163282	Viruses	Heunggongvirae	Uroviricota	Caudoviricetes	NA	NA	NA	NA
ERR3230155_230423	Viruses	Heunggongvirae	Uroviricota	Caudoviricetes	NA	NA	NA	NA
ERR3230153_37333	Viruses	Heunggongvirae	Uroviricota	Caudoviricetes	NA	Kyanoviridae	NA	NA
8067.6.90152.AAGCCT_1989	Viruses	Heunggongvirae	Uroviricota	Caudoviricetes	Crassvirales	NA	NA	NA
8067.4.90153.GTGCTT_1520	Viruses	Heunggongvirae	Uroviricota	Caudoviricetes	NA	NA	NA	Vibrio phage martha 12B12
ERR3230152_155763	Viruses	Heunggongvirae	Uroviricota	Caudoviricetes	NA	NA	NA	NA
ERR3230155_176367	Viruses	Heunggongvirae	Uroviricota	Caudoviricetes	NA	NA	Sextaecvirus	NA
K7GSL311021_197	Viruses	Heunggongvirae	Uroviricota	Caudoviricetes	NA	NA	NA	NA
ERR3230155_99069	Viruses	Heunggongvirae	Uroviricota	Caudoviricetes	NA	NA	NA	NA
8023.5.90052.GAGTCA_10882	Viruses	Heunggongvirae	Uroviricota	Caudoviricetes	NA	NA	Fipvunavirus	NA
ERR3230155_227445	Viruses	Heunggongvirae	Uroviricota	Caudoviricetes	NA	NA	NA	NA
ERR3230149_95594	Viruses	Heunggongvirae	Uroviricota	Caudoviricetes	NA	NA	NA	NA
8067.4.90153.GTGCTT_3645	Viruses	Heunggongvirae	Uroviricota	Caudoviricetes	NA	NA	NA	NA
ERR3230153_90386	Viruses	Heunggongvirae	Uroviricota	Caudoviricetes	NA	NA	NA	NA
ERR3230153_58626	Viruses	Heunggongvirae	Uroviricota	Caudoviricetes	NA	Peduoviridae	Duodecimduovirus	Duodecimduovirus phiE122
8067.5.90158.TGGTGA_2921	Viruses	Heunggongvirae	Uroviricota	Caudoviricetes	NA	NA	NA	NA
ERR3230153_69693	Viruses	Heunggongvirae	Uroviricota	Caudoviricetes	NA	NA	Detrevirus	NA
ERR3230152_123585	Viruses	Heunggongvirae	Uroviricota	Caudoviricetes	NA	NA	NA	NA
K7GSL311022_93	Viruses	Heunggongvirae	Uroviricota	Caudoviricetes	NA	NA	NA	NA
K7GSL311018_414	Viruses	Heunggongvirae	Uroviricota	Caudoviricetes	NA	NA	NA	NA
ERR3230155_87619	Viruses	Heunggongvirae	Uroviricota	Caudoviricetes	NA	NA	NA	NA
ERR3230155_197482	Viruses	Heunggongvirae	Uroviricota	Caudoviricetes	NA	NA	Donellivirus	Donellivirus gee
ERR3230149_80151	Viruses	Heunggongvirae	Uroviricota	Caudoviricetes	NA	NA	Rauchvirus	Rauchvirus BPP1
ERR3230154_52763	Viruses	Heunggongvirae	Uroviricota	Caudoviricetes	NA	NA	Spizizenvirus	Spizizenvirus sv105
8067.2.90157.GTCGTA_4290	Viruses	Heunggongvirae	Uroviricota	Caudoviricetes	NA	NA	NA	NA
8067.4.90153.ACCTCA_14400	Viruses	Heunggongvirae	Uroviricota	Caudoviricetes	NA	NA	NA	NA
ERR3230155_207007	Viruses	Heunggongvirae	Uroviricota	Caudoviricetes	NA	NA	NA	NA
ERR3230155_229782	Viruses	NA	NA	NA	NA	NA	NA	Wenzhou picorna-like virus 24
ERR3230155_31715	Viruses	Heunggongvirae	Uroviricota	Caudoviricetes	NA	NA	NA	NA
ERR3230148_129642	Viruses	Heunggongvirae	Uroviricota	Caudoviricetes	NA	NA	NA	NA
8067.4.90153.GTGCTT_4904_1	Viruses	Heunggongvirae	Uroviricota	Caudoviricetes	NA	NA	NA	NA
ERR3230150_4180	Viruses	Heunggongvirae	Uroviricota	Caudoviricetes	NA	NA	Flowerpowervirus	Flowerpowervirus flowerpower
ERR3230155_130006	Viruses	Pararnavirae	Artverviricota	Revtraviricetes	Ortervirales	Metaviridae	Metavirus	Cladosporium fulvum T-1 virus
8066.5.90150.AAGAGG_18432	Viruses	NA	NA	NA	NA	NA	NA	NA
8067.6.90152.GTGCTT_3097	Viruses	Heunggongvirae	Uroviricota	Caudoviricetes	NA	Assiduviridae	Cebadecemvirus	Cebadecemvirus phi10una
ERR3230150_176891	Viruses	Heunggongvirae	Uroviricota	Caudoviricetes	NA	NA	NA	NA
ERR3230155_86109	Viruses	Heunggongvirae	Uroviricota	Caudoviricetes	NA	NA	NA	NA
ERR3230153_49532	Viruses	Heunggongvirae	Uroviricota	Caudoviricetes	NA	NA	NA	Synechococcus phage S-CBS3
ERR3230149_219160	Viruses	Heunggongvirae	Uroviricota	Caudoviricetes	NA	NA	Coventryvirus	Coventryvirus SP441
ERR3230154_48635	Viruses	Heunggongvirae	Uroviricota	Caudoviricetes	NA	NA	NA	Synechococcus phage S-CBS3
8067.2.90157.GGAGAA_4789	Viruses	Heunggongvirae	Uroviricota	Caudoviricetes	NA	NA	NA	NA
8067.4.90153.ACCTCA_7988	Viruses	NA	NA	NA	NA	NA	NA	NA
ERR3230147_45370	Viruses	Heunggongvirae	Uroviricota	Caudoviricetes	NA	NA	NA	NA
ERR3230154_50530	Viruses	Heunggongvirae	Uroviricota	Caudoviricetes	NA	NA	Trinavirus	Trinavirus trina
ERR3230155_164078	Viruses	Heunggongvirae	Uroviricota	Caudoviricetes	NA	NA	NA	NA
ERR3230155_151132	Viruses	Heunggongvirae	Uroviricota	Caudoviricetes	NA	Herelleviridae	Kayvirus	NA
ERR3230155_34793	Viruses	Heunggongvirae	Uroviricota	Caudoviricetes	NA	Herelleviridae	Baoshanvirus	Baoshanvirus BS2
ERR3230153_140678	Viruses	Heunggongvirae	Uroviricota	Caudoviricetes	NA	NA	Magadivirus	Magadivirus Mgbh1
ERR3230151_442297	Viruses	Heunggongvirae	Uroviricota	Caudoviricetes	NA	NA	NA	NA
8131.3.91983.GTCGTA_2778	Viruses	Heunggongvirae	Uroviricota	Caudoviricetes	NA	NA	NA	NA
ERR3230155_89501	Viruses	Heunggongvirae	Uroviricota	Caudoviricetes	NA	NA	NA	NA
ERR3230153_187711	Viruses	Heunggongvirae	Uroviricota	Caudoviricetes	NA	NA	NA	NA
K7GSL311018_8	Viruses	Heunggongvirae	Uroviricota	Caudoviricetes	NA	NA	NA	NA
ERR3230153_60020	Viruses	Loebvirae	Hofneiviricota	Faserviricetes	Tubulavirales	Inoviridae	Primolicivirus	Primolicivirus Pf1
ERR3230155_166705	Viruses	Heunggongvirae	Uroviricota	Caudoviricetes	NA	NA	Doucettevirus	Doucettevirus B22
ERR3230155_197221	Viruses	Heunggongvirae	Uroviricota	Caudoviricetes	NA	NA	NA	NA
ERR3230155_127200	Viruses	Heunggongvirae	Uroviricota	Caudoviricetes	NA	NA	Sextaecvirus	Sextaecvirus sextaec
ERR3230155_222317	Viruses	Heunggongvirae	Uroviricota	Caudoviricetes	NA	NA	NA	NA
ERR3230155_24142	Viruses	Heunggongvirae	Uroviricota	Caudoviricetes	NA	NA	NA	NA
ERR3230148_130053	Viruses	Heunggongvirae	Uroviricota	Caudoviricetes	NA	Autographiviridae	NA	NA
ERR3230152_162183_1	Viruses	Heunggongvirae	Uroviricota	Caudoviricetes	NA	Kyanoviridae	Haifavirus	Haifavirus tim68
ERR3230150_38225	Viruses	Heunggongvirae	Uroviricota	Caudoviricetes	NA	Herelleviridae	Baoshanvirus	Baoshanvirus BS1
ERR3230155_57585	Viruses	Heunggongvirae	Uroviricota	Caudoviricetes	NA	Schitoviridae	NA	NA
8066.5.90150.AAGAGG_20900	Viruses	Heunggongvirae	Uroviricota	Caudoviricetes	NA	NA	NA	NA
8067.6.90152.GTGCTT_3251	Viruses	Heunggongvirae	Uroviricota	Caudoviricetes	NA	NA	NA	NA
ERR3230150_126582	Viruses	Heunggongvirae	Uroviricota	Caudoviricetes	NA	NA	NA	NA
ERR3230147_190364	Viruses	Heunggongvirae	Uroviricota	Caudoviricetes	NA	Duneviridae	NA	NA
ERR3230155_119654	Viruses	Heunggongvirae	Uroviricota	Caudoviricetes	NA	Zierdtviridae	Ceetrepovirus	NA
ERR3230155_9158	Viruses	Heunggongvirae	Uroviricota	Caudoviricetes	NA	NA	Sextaecvirus	NA
8023.5.90052.CACAGT_5843	Viruses	Heunggongvirae	Uroviricota	Caudoviricetes	NA	NA	NA	NA
ERR3230155_203502	Viruses	Heunggongvirae	Uroviricota	Caudoviricetes	NA	Zierdtviridae	Ceetrepovirus	NA
ERR3230155_139712	Viruses	Heunggongvirae	Uroviricota	Caudoviricetes	NA	NA	Sextaecvirus	Sextaecvirus SEP9
ERR3230149_102868	Viruses	Heunggongvirae	Uroviricota	Caudoviricetes	NA	NA	NA	Rhodococcus phage REQ1
ERR3230155_130228	Viruses	Heunggongvirae	Uroviricota	Caudoviricetes	NA	NA	Hattifnattvirus	Hattifnattvirus hattifnatt
8067.3.90155.GCACTA_13758	Viruses	Heunggongvirae	Uroviricota	Caudoviricetes	NA	NA	NA	NA
8067.2.90157.AAGCCT_2688	Viruses	Heunggongvirae	Uroviricota	Caudoviricetes	NA	NA	NA	Xylella phage Xfas53
ERR3230155_156841	Viruses	Heunggongvirae	Uroviricota	Caudoviricetes	NA	NA	NA	NA
8067.1.90154.CACAGT_19974	Viruses	NA	NA	NA	NA	NA	NA	NA
K7GSL311022_33	Viruses	Heunggongvirae	Uroviricota	Caudoviricetes	NA	NA	Brunovirus	Brunovirus SEN34
K7GSL311020_152	Viruses	NA	NA	NA	NA	NA	NA	Hubei virga-like virus 2
ERR3230152_76904	Viruses	Heunggongvirae	Uroviricota	Caudoviricetes	NA	NA	NA	NA
ERR3230151_338854	Viruses	NA	NA	NA	NA	Polydnaviriformidae	Bracoviriform	Bracoviriform congregatae
ERR3230152_247802	Viruses	Heunggongvirae	Uroviricota	Caudoviricetes	NA	NA	Hapunavirus	Hapunavirus VP882
ERR3230155_183722	Viruses	Heunggongvirae	Uroviricota	Caudoviricetes	NA	Herelleviridae	Kayvirus	Kayvirus MCE2014
K7GSL311021_148	Viruses	Heunggongvirae	Uroviricota	Caudoviricetes	NA	Herelleviridae	NA	NA
K7GSL311018_235	Viruses	Orthornavirae	Kitrinoviricota	Alsuviricetes	Martellivirales	Togaviridae	Alphavirus	Southern elephant seal virus
K7GSL311017_525	Viruses	Heunggongvirae	Uroviricota	Caudoviricetes	NA	NA	NA	NA
ERR3230149_293225	Viruses	Bamfordvirae	Nucleocytoviricota	Megaviricetes	Imitervirales	Schizomimiviridae	Kratosvirus	Kratosvirus quantuckense
ERR3230155_60659	Viruses	Heunggongvirae	Uroviricota	Caudoviricetes	NA	Schitoviridae	NA	NA
ERR3230153_210682	Viruses	Heunggongvirae	Uroviricota	Caudoviricetes	NA	Zierdtviridae	Chunghsingvirus	Corynebacterium virus P1201
K7GSL311018_3	Viruses	Bamfordvirae	Nucleocytoviricota	Megaviricetes	Algavirales	Phycodnaviridae	Prasinovirus	NA
ERR3230151_180841	Viruses	Heunggongvirae	Uroviricota	Caudoviricetes	NA	Autographiviridae	NA	NA
ERR3230155_14815	Viruses	Heunggongvirae	Uroviricota	Caudoviricetes	NA	NA	NA	NA
ERR3230155_138761	Viruses	Heunggongvirae	Uroviricota	Caudoviricetes	NA	NA	NA	NA
K7GSL311015_630	Viruses	NA	NA	NA	NA	NA	NA	Apis mellifera filamentous virus
ERR3230150_229543	Viruses	NA	NA	NA	NA	NA	NA	Apis mellifera filamentous virus
ERR3230152_23303	Viruses	Heunggongvirae	Uroviricota	Caudoviricetes	NA	NA	NA	Brevibacillus phage Sundance
ERR3230155_169406	Viruses	Heunggongvirae	Uroviricota	Caudoviricetes	NA	NA	NA	NA
ERR3230153_100073	Viruses	Heunggongvirae	Uroviricota	Caudoviricetes	NA	NA	Magadivirus	Magadivirus Mgbh1
ERR3230152_201705	Viruses	Heunggongvirae	Uroviricota	Caudoviricetes	NA	Autographiviridae	NA	NA
ERR3230156_591013	Viruses	Heunggongvirae	Uroviricota	Caudoviricetes	NA	NA	NA	NA
8067.2.90157.AAGCCT_9810	Viruses	Heunggongvirae	Uroviricota	Caudoviricetes	NA	NA	NA	NA
K7GSL311016_403	Viruses	Heunggongvirae	Uroviricota	Caudoviricetes	NA	Schitoviridae	Zurivirus	Zurivirus zuri
K7GSL311021_17	Viruses	Heunggongvirae	Uroviricota	Caudoviricetes	NA	NA	NA	NA
ERR3230152_32634	Viruses	Heunggongvirae	Uroviricota	Caudoviricetes	NA	NA	NA	NA
ERR3230152_8428	Viruses	Heunggongvirae	Uroviricota	Caudoviricetes	NA	Kyanoviridae	NA	NA
ERR3230152_181562	Viruses	Heunggongvirae	Uroviricota	Caudoviricetes	NA	NA	Scapunavirus	Scapunavirus scap1
ERR3230153_25139	Viruses	Heunggongvirae	Uroviricota	Caudoviricetes	NA	NA	NA	NA
ERR3230155_66350	Viruses	Heunggongvirae	Uroviricota	Caudoviricetes	NA	NA	NA	NA
ERR3230156_188417	Viruses	Heunggongvirae	Uroviricota	Caudoviricetes	NA	Peduoviridae	Wadgaonvirus	Wadgaonvirus wv5004651
ERR3230155_138240	Viruses	Heunggongvirae	Uroviricota	Caudoviricetes	NA	NA	NA	NA
ERR3230155_147379	Viruses	Heunggongvirae	Uroviricota	Caudoviricetes	NA	Herelleviridae	NA	NA
ERR3230149_300114	Viruses	Heunggongvirae	Uroviricota	Caudoviricetes	NA	NA	NA	NA
ERR3230155_144702	Viruses	Heunggongvirae	Uroviricota	Caudoviricetes	NA	Zierdtviridae	Ceetrepovirus	NA
8067.3.90155.GCACTA_11705	Viruses	Heunggongvirae	Uroviricota	Caudoviricetes	NA	NA	Ripduovirus	Ripduovirus RP12
8067.2.90157.AAGCCT_18906	Viruses	Heunggongvirae	Uroviricota	Caudoviricetes	NA	NA	NA	NA
K7GSL311017_462	Viruses	Heunggongvirae	Uroviricota	Caudoviricetes	NA	NA	NA	NA
ERR3230148_130053	Viruses	Heunggongvirae	Uroviricota	Caudoviricetes	NA	Autographiviridae	NA	NA
ERR3230155_131081	Viruses	Heunggongvirae	Uroviricota	Caudoviricetes	NA	NA	NA	NA
ERR3230155_23696	Viruses	Heunggongvirae	Uroviricota	Caudoviricetes	NA	NA	Sasdunavirus	Sasdunavirus SASD1
ERR3230149_27808	Viruses	Heunggongvirae	Uroviricota	Caudoviricetes	NA	NA	NA	NA
ERR3230155_209642	Viruses	Heunggongvirae	Uroviricota	Caudoviricetes	NA	Herelleviridae	Baoshanvirus	NA
8067.3.90155.TTGGCA_13446	Viruses	Heunggongvirae	Uroviricota	Caudoviricetes	NA	NA	NA	NA
8067.2.90157.AAGCCT_8135	Viruses	Heunggongvirae	Uroviricota	Caudoviricetes	NA	NA	Sendosyvirus	NA
ERR3230149_91786	Viruses	Heunggongvirae	Uroviricota	Caudoviricetes	NA	NA	NA	Rhizobium phage RR1-A
ERR3230155_171019	Viruses	Heunggongvirae	Uroviricota	Caudoviricetes	NA	NA	NA	NA
ERR3230155_99152	Viruses	Heunggongvirae	Uroviricota	Caudoviricetes	NA	NA	Inhavirus	NA
8023.5.90052.GAGTCA_13120	Viruses	Heunggongvirae	Uroviricota	Caudoviricetes	NA	NA	NA	NA
ERR3230155_148440	Viruses	Heunggongvirae	Uroviricota	Caudoviricetes	NA	NA	Rerduovirus	NA
ERR3230149_30727	Viruses	Heunggongvirae	Uroviricota	Caudoviricetes	NA	NA	Donellivirus	Donellivirus gee
ERR3230150_17931	Viruses	Heunggongvirae	Uroviricota	Caudoviricetes	NA	NA	Poindextervirus	Poindextervirus BL10
ERR3230154_52752	Viruses	Heunggongvirae	Uroviricota	Caudoviricetes	NA	NA	NA	Rhodoferax phage P26218
ERR3230153_203922	Viruses	Heunggongvirae	Uroviricota	Caudoviricetes	NA	NA	Korravirus	NA
8067.5.90158.TGGTGA_4866	Viruses	NA	NA	NA	NA	NA	NA	NA
ERR3230150_81385	NA	NA	NA	NA	NA	NA	NA	NA
ERR3230151_385031	Viruses	Heunggongvirae	Uroviricota	Caudoviricetes	NA	NA	NA	NA
ERR3230147_134787	Viruses	Heunggongvirae	Uroviricota	Caudoviricetes	NA	NA	NA	NA
ERR3230155_209256	Viruses	Heunggongvirae	Uroviricota	Caudoviricetes	NA	NA	Nanhaivirus	Nanhaivirus D5C
ERR3230155_210890	Viruses	Heunggongvirae	Uroviricota	Caudoviricetes	NA	NA	NA	NA
ERR3230152_338380	Viruses	Heunggongvirae	Uroviricota	Caudoviricetes	NA	Autographiviridae	NA	NA
ERR3230155_102526	Viruses	Heunggongvirae	Uroviricota	Caudoviricetes	NA	NA	Amigovirus	Amigovirus amigo
ERR3230155_175686	Viruses	Bamfordvirae	Nucleocytoviricota	Megaviricetes	Imitervirales	Mimiviridae	NA	NA
ERR3230149_159251	Viruses	Heunggongvirae	Uroviricota	Caudoviricetes	NA	NA	NA	NA
ERR3230155_202347	Viruses	Heunggongvirae	Uroviricota	Caudoviricetes	NA	Zierdtviridae	Ceetrepovirus	NA
8067.3.90155.GCACTA_5596	Viruses	Heunggongvirae	Uroviricota	Caudoviricetes	NA	NA	NA	NA
8066.6.90144.GAGTCA_9380	Viruses	Heunggongvirae	Uroviricota	Caudoviricetes	NA	NA	NA	NA
ERR3230150_192327	Viruses	Heunggongvirae	Uroviricota	Caudoviricetes	NA	NA	NA	NA
ERR3230151_167877	Viruses	Heunggongvirae	Uroviricota	Caudoviricetes	NA	Autographiviridae	Tangaroavirus	Tangaroavirus NATL2A133
K7GSL311022_171	Viruses	Heunggongvirae	Uroviricota	Caudoviricetes	NA	Peduoviridae	Phitrevirus	Phitrevirus phi3
ERR3230150_37387	Viruses	Heunggongvirae	Uroviricota	Caudoviricetes	NA	Aliceevansviridae	Brussowvirus	Brussowvirus 20617
ERR3230155_7075	Viruses	Heunggongvirae	Uroviricota	Caudoviricetes	NA	Herelleviridae	NA	NA
8023.5.90052.GTGCTT_13486	Viruses	NA	NA	NA	NA	NA	NA	NA
8067.6.90152.ACCTCA_1005	Viruses	Heunggongvirae	Uroviricota	Caudoviricetes	NA	Assiduviridae	Cebadecemvirus	Cebadecemvirus phi10una
ERR3230147_398432	Viruses	Sangervirae	Phixviricota	Malgrandaviricetes	Petitvirales	Microviridae	Sinsheimervirus	Sinsheimervirus phiX174
ERR3230153_152701	Viruses	Heunggongvirae	Uroviricota	Caudoviricetes	NA	NA	Aurunvirus	Aurunvirus STIM5
ERR3230152_12071	Viruses	Heunggongvirae	Uroviricota	Caudoviricetes	NA	NA	NA	NA
ERR3230152_44274	Viruses	Heunggongvirae	Uroviricota	Caudoviricetes	NA	Autographiviridae	Lingvirus	Lingvirus PGSP1
ERR3230151_173750	Viruses	Heunggongvirae	Uroviricota	Caudoviricetes	NA	Autographiviridae	NA	NA
ERR3230153_186655	Viruses	Heunggongvirae	Uroviricota	Caudoviricetes	NA	NA	Perisivirus	NA
8066.6.90144.AAGAGG_5043	Viruses	Heunggongvirae	Uroviricota	Caudoviricetes	NA	NA	Fipvunavirus	NA
ERR3230147_327816	Viruses	Heunggongvirae	Uroviricota	Caudoviricetes	NA	NA	NA	NA
K7GSL311019_122	Viruses	Bamfordvirae	Nucleocytoviricota	Megaviricetes	Algavirales	Phycodnaviridae	Chlorovirus	NA
ERR3230152_187590	Viruses	Heunggongvirae	Uroviricota	Caudoviricetes	NA	NA	NA	NA
ERR3230150_109107	Viruses	Heunggongvirae	Uroviricota	Caudoviricetes	NA	NA	Waukeshavirus	Waukeshavirus waukesha92
8067.4.90153.GTGCTT_4419	Viruses	Heunggongvirae	Uroviricota	Caudoviricetes	NA	NA	NA	Enterobacteria phage phiP27
ERR3230155_20973	Viruses	Heunggongvirae	Uroviricota	Caudoviricetes	NA	Herelleviridae	NA	NA
K7GSL311018_169	Viruses	Heunggongvirae	Uroviricota	Caudoviricetes	NA	Schitoviridae	Zurivirus	Zurivirus zuri
ERR3230154_52434	Viruses	Heunggongvirae	Uroviricota	Caudoviricetes	NA	NA	Jenstvirus	Jenstvirus jenst
8023.5.90052.GAGTCA_1568	Viruses	Heunggongvirae	Uroviricota	Caudoviricetes	NA	NA	NA	NA
ERR3230152_90553	Viruses	Heunggongvirae	Uroviricota	Caudoviricetes	NA	Autographiviridae	NA	NA
ERR3230156_289942	Viruses	Orthornavirae	NA	NA	NA	NA	NA	NA
8067.2.90157.AAGCCT_12690	Viruses	Heunggongvirae	Uroviricota	Caudoviricetes	NA	NA	NA	NA
K7GSL311016_599	Viruses	Heunggongvirae	Uroviricota	Caudoviricetes	NA	NA	NA	NA
ERR3230152_5939	Viruses	Loebvirae	Hofneiviricota	Faserviricetes	Tubulavirales	Inoviridae	NA	NA
8023.5.90052.GAGTCA_17994	Viruses	Heunggongvirae	Uroviricota	Caudoviricetes	NA	NA	NA	NA
ERR3230152_275108	Viruses	Heunggongvirae	Uroviricota	Caudoviricetes	NA	NA	NA	NA
ERR3230155_33262	Viruses	Heunggongvirae	Uroviricota	Caudoviricetes	NA	NA	NA	NA
8023.5.90052.CACAGT_11160	Viruses	Heunggongvirae	Uroviricota	Caudoviricetes	NA	NA	NA	NA
ERR3230155_190605	Viruses	Heunggongvirae	Uroviricota	Caudoviricetes	NA	NA	NA	NA
ERR3230148_174932	Viruses	Heunggongvirae	Uroviricota	Caudoviricetes	NA	NA	NA	NA
ERR3230152_141195_1	Viruses	Heunggongvirae	Uroviricota	Caudoviricetes	NA	Kyanoviridae	Salacisavirus	Salacisavirus pssm2
ERR3230150_30027	Viruses	Heunggongvirae	Uroviricota	Caudoviricetes	NA	NA	Sextaecvirus	NA
ERR3230156_111360	Viruses	Heunggongvirae	Uroviricota	Caudoviricetes	NA	NA	Vieuvirus	NA
8066.5.90150.GGAGAA_1255	Viruses	Heunggongvirae	Uroviricota	Caudoviricetes	NA	NA	Fipvunavirus	NA
8131.3.91983.GTCGTA_539	Viruses	Heunggongvirae	Uroviricota	Caudoviricetes	NA	NA	NA	NA
ERR3230150_254027	Viruses	Heunggongvirae	Uroviricota	Caudoviricetes	NA	NA	NA	NA
ERR3230155_70581	Viruses	Heunggongvirae	Uroviricota	Caudoviricetes	NA	NA	NA	NA
ERR3230153_185946	Viruses	Heunggongvirae	Uroviricota	Caudoviricetes	NA	NA	Bixzunavirus	NA
ERR3230148_146619	Viruses	Heunggongvirae	Uroviricota	Caudoviricetes	NA	Fredfastierviridae	Jamesmcgillvirus	NA
K7GSL311022_176	Viruses	Pararnavirae	Artverviricota	Revtraviricetes	Ortervirales	Retroviridae	NA	NA
ERR3230150_71419	Viruses	Heunggongvirae	Uroviricota	Caudoviricetes	NA	Casjensviridae	Kokobelvirus	Kokobelvirus kokobel1
ERR3230155_35846	Viruses	Heunggongvirae	Uroviricota	Caudoviricetes	NA	Herelleviridae	Kayvirus	NA
8066.5.90150.AAGAGG_3154	Viruses	Heunggongvirae	Uroviricota	Caudoviricetes	NA	NA	NA	Stenotrophomonas phage S1
8067.6.90152.ACCTCA_5242	Viruses	Heunggongvirae	Uroviricota	Caudoviricetes	NA	NA	Immutovirus	Immutovirus immuto
ERR3230150_159246	Viruses	Heunggongvirae	Uroviricota	Caudoviricetes	NA	NA	Coopervirus	NA
ERR3230153_84605	Viruses	Heunggongvirae	Uroviricota	Caudoviricetes	NA	Peduoviridae	NA	NA
ERR3230148_252149	Viruses	NA	NA	NA	NA	NA	NA	NA
ERR3230155_47487	Viruses	Heunggongvirae	Uroviricota	Caudoviricetes	NA	Herelleviridae	Baoshanvirus	Baoshanvirus BS1
ERR3230155_58454	Viruses	Heunggongvirae	Uroviricota	Caudoviricetes	NA	NA	Gesputvirus	Gesputvirus gsput1
ERR3230155_124810	Viruses	Heunggongvirae	Uroviricota	Caudoviricetes	NA	NA	NA	NA
ERR3230149_238599	Viruses	Heunggongvirae	Uroviricota	Caudoviricetes	NA	NA	NA	NA
ERR3230154_45415	Viruses	Heunggongvirae	Uroviricota	Caudoviricetes	NA	NA	NA	NA
8067.2.90157.GGAGAA_17278	Viruses	Heunggongvirae	Uroviricota	Caudoviricetes	NA	NA	Pahexavirus	NA
8067.4.90153.ACCTCA_9399	Viruses	Heunggongvirae	Uroviricota	Caudoviricetes	NA	NA	NA	NA
ERR3230147_61191	Viruses	Heunggongvirae	Uroviricota	Caudoviricetes	NA	NA	NA	NA
ERR3230154_20431	Viruses	Heunggongvirae	Uroviricota	Caudoviricetes	NA	NA	NA	NA
ERR3230149_126182	Viruses	Heunggongvirae	Uroviricota	Caudoviricetes	NA	NA	NA	Streptomyces phage mu1/6
ERR3230155_76761	Viruses	Heunggongvirae	Uroviricota	Caudoviricetes	NA	Zierdtviridae	Ceetrepovirus	NA
ERR3230148_169191	Viruses	Bamfordvirae	Nucleocytoviricota	Pokkesviricetes	Chitovirales	Poxviridae	Leporipoxvirus	Myxoma virus
ERR3230153_35295	Viruses	Heunggongvirae	Uroviricota	Caudoviricetes	NA	NA	Stanholtvirus	Burkholderia phage Bcep176
8066.6.90144.AAGAGG_1840	Viruses	Heunggongvirae	Uroviricota	Caudoviricetes	NA	NA	Takahashivirus	Takahashivirus PBS1
ERR3230147_92620	Viruses	Heunggongvirae	Uroviricota	Caudoviricetes	NA	NA	NA	NA
K7GSL311019_44	Viruses	Heunggongvirae	Uroviricota	Caudoviricetes	NA	NA	NA	NA
ERR3230152_176296	Viruses	Heunggongvirae	Uroviricota	Caudoviricetes	NA	NA	NA	NA
8067.3.90155.TTGGCA_11479	Viruses	Bamfordvirae	Preplasmiviricota	Maveriviricetes	Priklausovirales	Lavidaviridae	NA	NA
8067.4.90153.GTGCTT_2611	Viruses	NA	NA	NA	NA	NA	NA	NA
8067.2.90157.GGAGAA_14159	Viruses	Heunggongvirae	Uroviricota	Caudoviricetes	NA	NA	NA	NA
ERR3230154_48633_fragment_1	Viruses	Heunggongvirae	Uroviricota	Caudoviricetes	NA	NA	NA	NA
ERR3230155_112733	Viruses	Heunggongvirae	Uroviricota	Caudoviricetes	NA	Rountreeviridae	Negarvirus	Negarvirus WP2
ERR3230155_26742	Viruses	Heunggongvirae	Uroviricota	Caudoviricetes	NA	NA	NA	NA
8023.5.90052.GAGTCA_18834	Viruses	Heunggongvirae	Uroviricota	Caudoviricetes	NA	Kyanoviridae	NA	NA
ERR3230148_215577	Viruses	Bamfordvirae	Nucleocytoviricota	Megaviricetes	Algavirales	Phycodnaviridae	NA	Orpheovirus IHUMI-LCC2
ERR3230152_239237	Viruses	Heunggongvirae	Uroviricota	Caudoviricetes	NA	Autographiviridae	Tritonvirus	NA
ERR3230150_257625	Viruses	NA	NA	NA	NA	NA	NA	Hubei endorna-like virus 1
ERR3230155_93553	Viruses	Heunggongvirae	Uroviricota	Caudoviricetes	NA	Herelleviridae	Kayvirus	NA
ERR3230153_242934	Viruses	Sangervirae	Phixviricota	Malgrandaviricetes	Petitvirales	Microviridae	Sinsheimervirus	Sinsheimervirus phiX174
ERR3230149_94082	Viruses	Heunggongvirae	Uroviricota	Caudoviricetes	NA	NA	NA	NA
ERR3230155_25266	Viruses	Heunggongvirae	Uroviricota	Caudoviricetes	NA	Zierdtviridae	Ceetrepovirus	NA
ERR3230153_156484	Viruses	Heunggongvirae	Uroviricota	Caudoviricetes	NA	NA	Bendigovirus	Bendigovirus GMA6
K7GSL311018_2	Viruses	Heunggongvirae	Uroviricota	Caudoviricetes	Thumleimavirales	Halomagnusviridae	Hagravirus	Hagravirus HGTV1
ERR3230150_268991	Viruses	Heunggongvirae	Uroviricota	Caudoviricetes	NA	NA	NA	Clostridium phage vB_CpeS-CP51
ERR3230155_58313	Viruses	Heunggongvirae	Uroviricota	Caudoviricetes	NA	NA	NA	Staphylococcus phage phiRS7
ERR3230155_9297	Viruses	Heunggongvirae	Uroviricota	Caudoviricetes	NA	NA	NA	Riemerella phage RAP44
K7GSL311015_89	Viruses	NA	NA	NA	NA	NA	NA	NA
ERR3230150_170028	Viruses	Heunggongvirae	Uroviricota	Caudoviricetes	NA	NA	Sextaecvirus	NA
ERR3230155_180881	Viruses	Heunggongvirae	Uroviricota	Caudoviricetes	NA	NA	NA	NA
ERR3230150_166462	Viruses	Heunggongvirae	Uroviricota	Caudoviricetes	NA	NA	NA	NA
8067.6.90152.AAGCCT_6777	Viruses	Heunggongvirae	Uroviricota	Caudoviricetes	NA	NA	Muminvirus	NA
8066.6.90144.AGCATG_4372	Viruses	Heunggongvirae	Uroviricota	Caudoviricetes	NA	NA	NA	NA
K7GSL311021_166	Viruses	NA	NA	NA	NA	NA	NA	NA
K7GSL311020_111	Viruses	Heunggongvirae	Uroviricota	Caudoviricetes	NA	NA	NA	NA
ERR3230152_210526	Viruses	Heunggongvirae	Uroviricota	Caudoviricetes	NA	NA	Elemovirus	NA
ERR3230151_495198	Viruses	NA	NA	NA	NA	Polydnaviriformidae	Bracoviriform	Bracoviriform congregatae
ERR3230152_148002	Viruses	Heunggongvirae	Uroviricota	Caudoviricetes	NA	NA	NA	NA
ERR3230155_219115	Viruses	Heunggongvirae	Uroviricota	Caudoviricetes	NA	NA	NA	NA
K7GSL311021_194	Viruses	Heunggongvirae	Uroviricota	Caudoviricetes	NA	NA	Phabquatrovirus	Phabquatrovirus PHB04
ERR3230155_40294	Viruses	Heunggongvirae	Uroviricota	Caudoviricetes	NA	NA	NA	Thalassomonas phage BA3
ERR3230155_63529	Viruses	Heunggongvirae	Uroviricota	Caudoviricetes	NA	NA	NA	NA
8023.5.90052.GAGTCA_18479	Viruses	Heunggongvirae	Uroviricota	Caudoviricetes	NA	NA	NA	NA
ERR3230155_47116	Viruses	Heunggongvirae	Uroviricota	Caudoviricetes	NA	NA	NA	NA
ERR3230152_272320	Viruses	Heunggongvirae	Uroviricota	Caudoviricetes	NA	Kyanoviridae	Salacisavirus	Salacisavirus pssm2
ERR3230150_231501	Viruses	Heunggongvirae	Uroviricota	Caudoviricetes	NA	Herelleviridae	NA	NA
ERR3230155_71474	Viruses	Heunggongvirae	Uroviricota	Caudoviricetes	NA	Rountreeviridae	Andhravirus	NA
ERR3230153_14653	Viruses	Heunggongvirae	Uroviricota	Caudoviricetes	NA	NA	NA	NA
8067.6.90152.AAGCCT_3402	Viruses	Heunggongvirae	Uroviricota	Caudoviricetes	NA	NA	NA	NA
8067.5.90158.AACCAG_10073	Viruses	NA	NA	NA	NA	NA	NA	NA
ERR3230152_215412	Viruses	Heunggongvirae	Uroviricota	Caudoviricetes	NA	Autographiviridae	NA	NA
ERR3230153_9847	Viruses	Bamfordvirae	Nucleocytoviricota	Megaviricetes	Imitervirales	Mimiviridae	Rheavirus	Rheavirus sinusmexicani
K7GSL311021_138	Viruses	Pararnavirae	Artverviricota	Revtraviricetes	Ortervirales	Retroviridae	NA	NA
K7GSL311020_31	Viruses	NA	NA	NA	NA	NA	Pandoravirus	NA
ERR3230152_343738	Viruses	Heunggongvirae	Uroviricota	Caudoviricetes	NA	Autographiviridae	NA	NA
ERR3230151_407224	Viruses	Heunggongvirae	Uroviricota	Caudoviricetes	NA	NA	Pakpunavirus	NA
ERR3230152_158774	Viruses	Heunggongvirae	Uroviricota	Caudoviricetes	NA	NA	Sasdunavirus	Sasdunavirus SASD1
ERR3230155_3162	Viruses	Pararnavirae	Artverviricota	Revtraviricetes	Ortervirales	Metaviridae	Metavirus	Cladosporium fulvum T-1 virus
K7GSL311018_620	Viruses	Heunggongvirae	Uroviricota	Caudoviricetes	NA	NA	Armstrongvirus	Armstrongvirus armstrong
K7GSL311018_153	Viruses	Heunggongvirae	Uroviricota	Caudoviricetes	NA	NA	Behunavirus	Behunavirus BH1
K7GSL311018_1	Viruses	Heunggongvirae	Uroviricota	Caudoviricetes	NA	Vilmaviridae	Kumaovirus	Kumaovirus kumao
ERR3230150_226004	Viruses	Heunggongvirae	Uroviricota	Caudoviricetes	NA	Autographiviridae	NA	NA
ERR3230155_101531	Viruses	Heunggongvirae	Uroviricota	Caudoviricetes	NA	NA	Sextaecvirus	NA
ERR3230155_211001	Viruses	Heunggongvirae	Uroviricota	Caudoviricetes	NA	NA	Punavirus	NA
K7GSL311015_22	Viruses	Heunggongvirae	Uroviricota	Caudoviricetes	NA	NA	NA	NA
ERR3230149_9322	Viruses	Heunggongvirae	Uroviricota	Caudoviricetes	NA	NA	Kostyavirus	NA
ERR3230155_21933	Viruses	Heunggongvirae	Uroviricota	Caudoviricetes	NA	Herelleviridae	NA	NA
8067.4.90153.AAGCCT_5669	Viruses	Heunggongvirae	Uroviricota	Caudoviricetes	NA	NA	Chopinvirus	Chopinvirus KSY1
8067.2.90157.AAGCCT_5736	Viruses	Heunggongvirae	Uroviricota	Caudoviricetes	NA	NA	NA	NA
ERR3230153_145348	Viruses	Heunggongvirae	Uroviricota	Caudoviricetes	NA	NA	NA	NA
8131.3.91983.GTCGTA_3407	Viruses	Heunggongvirae	Uroviricota	Caudoviricetes	NA	NA	Fipvunavirus	NA
ERR3230151_49139	Viruses	NA	NA	NA	NA	NA	NA	NA
ERR3230155_121245	Viruses	Bamfordvirae	Nucleocytoviricota	Megaviricetes	Algavirales	Phycodnaviridae	Prasinovirus	NA
8023.5.90052.GAGTCA_15805	Viruses	Heunggongvirae	Uroviricota	Caudoviricetes	NA	NA	Fipvunavirus	NA
ERR3230155_61785	Viruses	Heunggongvirae	Uroviricota	Caudoviricetes	NA	NA	NA	NA
ERR3230152_4394	Viruses	Heunggongvirae	Uroviricota	Caudoviricetes	NA	NA	Cornellvirus	Cornellvirus SP31
ERR3230150_205209	Viruses	Pararnavirae	Artverviricota	Revtraviricetes	Ortervirales	NA	NA	NA
ERR3230155_187433	Viruses	Heunggongvirae	Uroviricota	Caudoviricetes	NA	NA	Magadivirus	Magadivirus Mgbh1
ERR3230153_105410	Viruses	Heunggongvirae	Uroviricota	Caudoviricetes	NA	NA	Samwavirus	NA
8067.6.90152.AAGCCT_780	Viruses	Heunggongvirae	Uroviricota	Caudoviricetes	NA	NA	NA	NA
ERR3230155_160691	Viruses	Heunggongvirae	Uroviricota	Caudoviricetes	NA	NA	NA	NA
K7GSL311019_2	Viruses	Bamfordvirae	Nucleocytoviricota	Megaviricetes	Algavirales	Phycodnaviridae	NA	NA
ERR3230155_152821	Viruses	Heunggongvirae	Uroviricota	Caudoviricetes	NA	NA	NA	NA
ERR3230155_175616	Viruses	Heunggongvirae	Uroviricota	Caudoviricetes	NA	NA	NA	NA
ERR3230149_224011	Viruses	Heunggongvirae	Uroviricota	Caudoviricetes	NA	NA	NA	NA
ERR3230155_159033	Viruses	Heunggongvirae	Uroviricota	Caudoviricetes	NA	NA	NA	Thalassomonas phage BA3
8067.3.90155.AAGAGG_963	Viruses	Heunggongvirae	Uroviricota	Caudoviricetes	NA	NA	NA	NA
ERR3230156_247723	Viruses	NA	NA	NA	NA	NA	NA	Mollivirus sibericum
ERR3230148_255287	Viruses	Heunggongvirae	Uroviricota	Caudoviricetes	NA	NA	Thornevirus	Thornevirus SP15
ERR3230155_140984	Viruses	Heunggongvirae	Uroviricota	Caudoviricetes	NA	NA	NA	NA
ERR3230155_4185	Viruses	Heunggongvirae	Uroviricota	Caudoviricetes	NA	Peduoviridae	NA	NA
8066.6.90144.AGCATG_3198	Viruses	Heunggongvirae	Uroviricota	Caudoviricetes	NA	NA	NA	NA
ERR3230147_85697	Viruses	Heunggongvirae	Uroviricota	Caudoviricetes	NA	NA	NA	NA
ERR3230152_180394	Viruses	Heunggongvirae	Uroviricota	Caudoviricetes	NA	NA	Ravarandavirus	NA
K7GSL311016_1086	Viruses	Heunggongvirae	Uroviricota	Caudoviricetes	NA	NA	NA	NA
8131.3.91983.GTCGTA_7048	Viruses	Heunggongvirae	Uroviricota	Caudoviricetes	NA	NA	NA	NA
8067.4.90153.GTGCTT_1737	Viruses	Heunggongvirae	Uroviricota	Caudoviricetes	NA	NA	NA	NA
ERR3230152_63693	Viruses	Heunggongvirae	Uroviricota	Caudoviricetes	NA	NA	Detrevirus	Pseudomonas phage PAJU2
8067.2.90157.GGAGAA_21120	Viruses	Heunggongvirae	Uroviricota	Caudoviricetes	NA	NA	NA	Sinorhizobium phage phiLM21
ERR3230153_197492	Viruses	Heunggongvirae	Uroviricota	Caudoviricetes	NA	NA	NA	NA
ERR3230152_293850	Viruses	Heunggongvirae	Uroviricota	Caudoviricetes	NA	Duneviridae	NA	NA
ERR3230153_3424	Viruses	Heunggongvirae	Uroviricota	Caudoviricetes	NA	NA	NA	Gordonia phage GMA4
ERR3230154_13687	Viruses	Heunggongvirae	Uroviricota	Caudoviricetes	NA	NA	NA	NA
8067.6.90152.AAGCCT_5105	Viruses	Heunggongvirae	Uroviricota	Caudoviricetes	NA	NA	Plateaulakevirus	NA
ERR3230156_565235	Viruses	Bamfordvirae	Nucleocytoviricota	Pokkesviricetes	Chitovirales	Poxviridae	Deltaentomopoxvirus	Melanoplus sanguinipes entomopoxvirus
ERR3230153_53335	Viruses	Heunggongvirae	Uroviricota	Caudoviricetes	NA	NA	NA	NA
ERR3230152_123155	Viruses	Heunggongvirae	Uroviricota	Caudoviricetes	NA	Autographiviridae	Igirivirus	Igirivirus STIP37
ERR3230155_18615	Viruses	Heunggongvirae	Uroviricota	Caudoviricetes	NA	NA	NA	NA
8066.6.90144.AAGAGG_6644	Viruses	Heunggongvirae	Uroviricota	Caudoviricetes	NA	NA	NA	NA
ERR3230147_244928	Viruses	Heunggongvirae	Uroviricota	Caudoviricetes	NA	NA	NA	NA
